1281518454000,"08/11/2010","%22Debt+is+ignorance%21+Luckily%2C+ignorance+isn%E2%80%99t+permanent%2C+it%E2%80%99s+only+a+temporary+state+of+being%21%22+-+Enemy+of+Debt"
1281584706000,"08/11/2010","Life+is+Like+a+Budget%3F"
1281585346000,"08/11/2010","Importing+blog+feed+using+NetworkedBlogs"
1285729066000,"09/28/2010","I+wrote+the+new+script+for+the+Personal+Finance+Comics.+It%27s+starting+to+come+together%21+Featuring+Dave+Ramsey%2C+Jeff+from+Deliver+Away+Debt%2C+Brad+from+TIME%2C+%26+JD+Roth+from+Get+Rich+Slowly."
1287424443000,"10/18/2010","Enemy+of+Debt%0A+now+has+a+step-by-step+budget+for+beginner%27s+and+anyone+who+likes+%0Asimple.+Use+it+for+FREE+and+transform+your+financial+future.+That%27s+a+%0Apretty+good+investment+if+you+ask+me."
1307418069000,"06/06/2011","Check+out+this+new+blog+by+my+man+Travis+about+his+Journey+to+Zero%21"
1313038130000,"08/10/2011","I+flew+US+Airway+this+week+and+was+bombarded+everywhere+by+them+trying+sign+EVERYONE+up+for+the+%22new%22+MasterCard+luring+them+in+by+giving+them+a+ton+of+miles+for+getting+one.+Here%27s+the+thing.+I+wonder+how+many+of+those+who+sign+up+will+end+up+being+the+reason+MasterCard+spent+so+much+money+on+this+campaign%3F+Don%27t+be+fooled+by+the+gifts%2C+they+don%27t+spend+so+much+because+they+think+you+will+pay+it+off+each+month."
1313103716000,"08/11/2011","Ceramic+Enemy+of+Debt+Coaster%21+I+made+it+myself+and+am+launching+a+printing+business+soon+where+I%27ll+be+able+to+create+and+print+art%2C+shirts%2C+novelties+etc.+"
1313104083000,"08/11/2011","My+latest+post+on+PerkStreet%21+Doing+math+is+fine+but+it+won%27t+get+you+out+of+debt.+Instead%2C+try+focusing+on+these+6+ways+to+turn+things+around.+%3A%29"
1313106862000,"08/11/2011","Cleaned+up+Enemy+of+Debt+Logo"
1315248219000,"09/05/2011","Jonha+in+the+Philippines+won+the+grand+prize+giveaway+Dave+Ramsey+package+in+my+reader+appreciation+giveaway.+She+wrote+this+post+about+what+becoming+debt+free+means+to+her."
1317919636000,"10/06/2011","A+great+post+from+fellow+%23TeamEOD+writer+Travis+Pizel+on+his+own+blog.+This+is+good+stuff%21%21"
1318359404000,"10/11/2011","Are+you+caught+up+in+the+debt+cycle%3F+Check+out+my+latest+post+for+the+PerkStreet+Blog%21"
1318436331000,"10/12/2011","Reminder%3A+Looking+for+100+people+to+give+their+TOP+5+challenges+with+becoming+debt+free.+Right+now+I+only+have+54+votes.+Help+me+write+about+what+YOU+need+the+most.+"
1318819545000,"10/16/2011","New+design+at+Enemy+of+Debt.+A+work+in+progress+but+making+great+strides."
1318819613000,"10/16/2011","New+front+page+and+new+blog+design..."
1318877985000,"10/17/2011","Fincon11+-+Financial+Bloggers+Conference+in+Chicago"
1320038853000,"10/30/2011","I+hope+you+don%27t+miss+my+%24500+KILL+YOUR+DEBT+Giveaway+on+the+blog+in+the+morning.+Be+sure+to+follow+the+directions+closely+to+enter.+PAY+DAY+on+November+21st%21+Details+at+7AM+EST%21+Good+luck%21"
1320243763000,"11/02/2011","Don%27t+forget+to+enter+the+%24500+giveaway%21+http%3A%2F%2Fnetworkedblogs.com%2FpeDhf"
1320243850000,"11/02/2011","Check+out+my+latest+article+on+Perkstreet+about+how+to+entertain+the+family+on+a+budget+by+purchasing+a+year+pass.+%3A%29"
1320517639000,"11/05/2011","My+answers+were+listed+with+17+other+experts+on+MSN+including+my+favorite+expert+--+Dave+Ramsey.+To+see+my+answers%2C+I%27m+%235+on+the+list%2C+but+don%27t+miss+the+others.+This+is+a+great+list%21%21+%3AD"
1320518041000,"11/05/2011","When+more+people+%22like%22+your+No+Restaurants+in+November+challenge+than+your+%24500+Cash+giveaway+THAT+TOTALLY+ROCKS%21%21"
1320781281000,"11/08/2011","My+latest+post+over+at+PerkStreet%21"
1320786698000,"11/08/2011","Share+this+on+Facebook+if+you+know+anyone+struggling+with+debt.+"
1320866684000,"11/09/2011","What+do+YOU+do+that+helps+you+avoid+eating+out%3F+Reply+w%2F+tips%2C+tricks%2C+%26+strategies.+If+your+tip+is+good%2C+I%27ll+post+in+my+11%2F14%2F11+post%21+%28No+Restaurants+in+November%29"
1321063660000,"11/11/2011","Does+your+credit+score+run+your+life%3F"
1321127132000,"11/12/2011","Still+buying+into+the+%22good+debt+bad+debt%22+argument%3F+"
1321141008000,"11/12/2011","Meeting+a+couple+bloggers+for+drinks+at+Beer+Run+in+Charlottesville.+No+worries.+I%27m+having+water+since+I+want+to+do+my+best+on+my+No+Restaurants+in+November.+%3AD"
1321202853000,"11/13/2011","Taking+the+boys+%28Isaac+and+Noah%29+out+for+some+FREE+entertainment+at+Ivy+Creek+Natural+Area.+We%27ll+be+hiking%2C+learning%2C+and+of+course+having+lots+of+fun.+The+girls+%28mom+and+Hannah%29+will+be+staying+in+out+of+the+cold.+%23father-son-time%0A%0AHow+do+you+avoid+spending+money+while+entertaining+your+kids%3F"
1321203421000,"11/13/2011","Anybody+looking+for+personal+finance+in+Spanish%3F+Check+out+Finanzas+Personales+Para+Todos+to+get+started.+Excellent+resource+from+an+awesome+guy%21"
1321247473000,"11/13/2011","When+life+comes+and+punches+you+in+the+face%2C+will+you+be+ready+to+fight+back%3F+Do+you+have+emergency+savings%3F"
1321375115000,"11/15/2011","Contributor+for+Enemy+of+Debt+%28%23TeamEOD%29+becomes+debt+free%21%21%21+Her+debt+didn%27t+stand+a+chance%21%21+Be+sure+to+get+the+free+copy+of+her+book+at+the+bottom+of+the+post+and+trust+me+this+is+a+MUST+READ%21+"
1321587338000,"11/17/2011","%28Check+out+my+guest+post+on+ImpulseSave%29+A+tell-all+tale+of+deceit+and+financial+nightmares%21+"
1321850157000,"11/20/2011","ATTENTION+READERS%3A+I+entered+a+writing+contest+and+you+can+vote+for+my+article+%22The+Worst+Day+of+My+Entire+Life%22.+In+the+contest+we+were+supposed+to+tell+our+financial+story+and+what+we+were+thankful+for.+I+decided+to+write+a+tell-all+tale+of+betrayal+and+nightmares+with+a+different+perspective.+I+NEED+YOUR+VOTE%21%21+Read+post%3A+http%3A%2F%2Ft.co%2FHo60iKbx+THEN+GO+VOTE+on+facebook+here%3A+https%3A%2F%2Fwww.facebook.com%2Fimpulsesave+%22Yes+it%27s+AWESOME%21%22+THANKS%21+Spreading+the+word+makes+you+even+MORE+AWESOME%21+%3AD"
1321852994000,"11/20/2011","Vote.+Share.+Love.+%3B%29+"
1321921300000,"11/21/2011","New+link+is+up.+You+can+now+vote+again..."
1321989235000,"11/22/2011","Fellow+DEBT+HATERS%3A+I+NEED+YOUR+VOTE%21+Can+you+help+me+by+voting+for+my+article%3F+For+this+contest%2C+instead+of+simply+telling+a+story+I%27ve+told+a+million+times%2C+I+decided+to+use+a+recent+dream+to+do+so.+I+appreciate+all+of+your+support.+http%3A%2F%2Far.gy%2Flu2"
1322003376000,"11/22/2011","%22Christmas+Sale+%2B+Credit+Card+Interest+%3D+Oxymoron%22+%23live+%23debt+%23free"
1322027364000,"11/22/2011","Team+EOD+button+to+the+theme+of+one+of+my+favorite+movies+--+Tombstone%21"
1322027448000,"11/22/2011","My+true+feelings+about+credit+cards..."
1322284034000,"11/25/2011","I%27m+thankful+for+my+beautiful+wife+and+kids%21+I%27m+thankful+for+being+debt+free.+I%27m+thankful+that+we+have+been+so+blessed+with+more+opportunities+that+allow+us+to+live+the+life+we+want+to+live.+I%27m+especially+thankful+for+God+and+all+he+has+given+us.+I%27m+thankful+to+be+a+stay-at-home+dad.+I%27m+thankful+for+my+very+first+business+and+I+am+so+thankful+to+have+the+beautiful+opportunity+to+home+school+Isaac+this+year%21%21+2011+gave+us+a+lot+to+be+thankful+for%2C+but+what+about+you%3F+%0A%0AWhat+are+you+thankful+for+in+2011%3F%3F+Take+all+that+positive+energy+and+make+it+work+for+you.+It%27s+not+to+early+to+start+thinking+about+how+you+want+your+2012+to+look.+Are+you+debt+free%3F+Make+it+happen%21+%3AD"
1322743289000,"12/01/2011","This+is+so+awesome%21%21"
1322752115000,"12/01/2011","Check+out+my+guest+post+over+at+CareOne+Debt+Relief+Services.+Are+you+a+self+checkout+lover+or+do+you+prefer+a+cashier%3F+"
1322762227000,"12/01/2011","Becoming+debt+free+is+like+walking+barefoot+on+soft+fluffy+green+grass+as+opposed+to+running+through+a+sharp+field+of+burweeds+%26+sandspurs%21"
1322855734000,"12/02/2011","One+of+my+favorite+posts%21"
1322928994000,"12/03/2011","In+debt+and+worried+about+a+judgment%3F+The+Pro-Rata+Method+could+be+the+answer+you%27re+looking+for.+Read+this+article+I+wrote+for+Self+Reliance+Works."
1323134966000,"12/05/2011","Glad+to+have+made+this+list+with+such+great+names%21+%23TeamEOD+Rocks%21+"
1323185274000,"12/06/2011","%22Some+people+are+able+to+%E2%80%9Cleverage%E2%80%9D+debt+to+their+advantage%2C+but+criminals+are+able+to+commit+crimes+without+getting+caught+too.+Just+because+something+is+possible+doesn%E2%80%99t+make+it+the+right+path+to+take.+What+usually+happens+%E2%80%93+in+either+case+%E2%80%93+is+that+life+eventually+catches+up+with+you.+When+your+luck+runs+out+it+will+all+come+crashing+down.%22+-+Enemy+of+Debt+on+leveraging+debt."
1323213358000,"12/06/2011","Instead+of+filling+out+the+application+you+should+educate+the+cashier.+Tell+him%2Fher+you+get+your+discounts+by+not+paying+interest.+There%27s+a+reason+why+they%27re+giving+you+a+discount.+They+know+chances+are+high+that+you+will+spend+way+more+than+the+discount+in+the+long+run.+Don%27t+fall+for+it."
1323535969000,"12/10/2011","Our+cut+up+credit+cards+from+Christmas+2008+after+we+decided+to+start+our+Total+Money+Makeover%21+THANKS+TO+Dave+Ramsey%21"
1323582618000,"12/10/2011","New+shirt+I+created+for+Travis+and+I."
1323582682000,"12/10/2011","On+a+shirt+I+created+for+Suzanne."
1323582801000,"12/10/2011","Jessica+of+Debt+Princess+requested+this+one+for+her+EOD+shirt."
1323708135000,"12/12/2011","Budgets+Are+Sexy+and+Enemy+of+Debt+are+at+it+again.+Have+you+entered+to+win+in+our+3rd+annual+Christmas+Stimulus+giveaway%3F+Our+way+of+saying+thanks+for+reading%21+THANKS%21+%3A%29"
1323708211000,"12/12/2011","Don%27t+forget+to+enter+here+too%21"
1323888473000,"12/14/2011","This+is+what+debt+does+to+you.+Eventually+debt+will+constrict+the+life+out+of+you."
1323900625000,"12/14/2011","Name+of+my+new+line+of+shirts+for+Enemy+of+Debt.+%3A-%29"
1324754176000,"12/24/2011","Check+out+this+awesomeness+from+Andrea+at+So+Over+Debt%21"
1325102081000,"12/28/2011","Look+at+what+I%27ve+been+up+to+with+my+favorite+bank+in+the+whole+world+PerkStreet%21+Want+to+learn+how+to+build+a+successful+budget+or+get+out+of+debt+once+and+for+all%3F+Check+it+out%21+Sign+up+for+a+free+course+here%3A+http%3A%2F%2Fwww.perkstreet.com%2Fstreetsense.aspx"
1325260035000,"12/30/2011","EVERYONE+should+watch+this+ENTIRE+VIDEO%21"
1326381723000,"01/12/2012","Are+You+Being+Sucked+into+a+Financial+Black+Hole%3F+%28%40CareOneWorks%29"
1326382239000,"01/12/2012","What+gives+America%3F%3F+Just+when+it+looks+like+people+get+it+numbers+like+this+make+me+sink+in+my+chair%21+Absolute+stupidity%21"
1326385344000,"01/12/2012","I+never+cared+for+Suze+Orman%27s+advice+anyway.+I%27m+such+an+idiot%21+%3A-%29"
1326396134000,"01/12/2012","If+you+look+closely+you+may+notice+that+the+Statue+of+Liberty+is+carrying+a+torch+not+a+credit+card%21%22+http%3A%2F%2Fsu.pr%2F5aFXes"
1326396755000,"01/12/2012","Love+it%21"
1326396791000,"01/12/2012","Get+motivated%21"
1327461456000,"01/24/2012","Kid+shirts+coming+soon+to+EOD..."
1328113966000,"02/01/2012","Obama+on+the+housing+crisis+and+his+plan+to+fix+it.+TRANSLATED%3A+%22I%27m+going+to+continue+to+try+and+fix+the+economy+by+pushing+for+more+of+the+same+government+programs+that+have+failed+in+the+past.+I+want+to+add+to+the+debt+and+make+you+feel+all+cozy+inside+so+you%27ll+be+stupid+enough+to+vote+for+me+again%22"
1328639264000,"02/07/2012","Had+to+share+this+post+on+credit+scores.+Most+of+you+know+my+view+of+the+credit+scoring+system.+I+don%27t+care+about+my+score+nor+will+I+ever.+It+is+not+a+true+indication+of+financial+worthiness%2C+but+more+of+an+indication+of+how+much+you+like+and+use+debt."
1328718626000,"02/08/2012","Have+Americans+lost+their+mind%3F+Americans+added+%2420+billion+in+credit+card+debt+in+November+AND+December+of+2011.+I+hope+you+liked+the+presents....geez%21+So+does+this+mean+we+didn%27t+learn+ANYTHING+from+the+economic+collapse%3F+"
1328734102000,"02/08/2012","Does+your+credit+score+manage+your+money+or+do+you%3F"
1328740940000,"02/08/2012","My+latest+post+on+PerkStreet..."
1328826790000,"02/09/2012","%22If+you+are+greatly+in+debt%2C+you+should+work+on+raising+your+self+control+and+financial+discipline+instead+of+raising+your+credit+score.%E2%80%9D+-+Penny+%28EOD+Reader%29"
1329066053000,"02/12/2012","On+Valentines+Day+how+do+you+show+your+loved+one+you+care%3F+%0A%0A%28A%29+spend+lots+of+money+%0A%28B%29+spend+the+day+with+them+%0A%28C%29+make+something+creative%0A%28D%29+B+and+C+%0A%28E%29+nothing%2C+it%27s+just+another+day"
1329922219000,"02/22/2012","After+paying+some+recent+doctor+bills%2C+we%27re+putting+the+rest+of+our+tax+return+into+our+emergency+fund.+What+are+you+doing+with+your+tax+return+this+year%3F"
1330128735000,"02/24/2012","Check+out+my+latest+article+on+PerkStreet%21"
1330549876000,"02/29/2012","How+much+is+your+Credit+Card+costing+you%3F+Great+tool+from+the+folks+at+Ready+For+Zero."
1330639034000,"03/01/2012","Don%27t+buy+new%21+Avoid+financing%21+Know+the+true+cost+of+your+purchase%21+and+more..."
1330647220000,"03/01/2012","We%27ve+earned+%24122+in+Perks+from+PerkStreet+so+far+this+year+JUST+for+using+our+debit+card+on+purchases+we+would+have+made+anyway.+We+don%27t+have+any+credit+cards+and+don%27t+need+any+to+earn+rewards.+%23rejecting+%22normal%22"
1330831711000,"03/03/2012","Just+signed+up+to+go+to+%23CPFC12+in+Toronto+with+J+Money+in+September+right+after+%23FINCON12+in+Denver.+September+is+going+to+be+an+awesome+month%21"
1330929263000,"03/04/2012","Is+it+really+more+expensive+to+eat+healthy%3F+I+used+to+think+so+but+I+am+finding+that+when+all+factors+are+considered+it+is+actually+cheaper+expecially+in+the+long+run.+Your+thoughts%3F"
1330968140000,"03/05/2012","Stop+watching+your+hard-earned+money+vanish.+Start+saving+it+by+using+this+cool+financial+tool%21+Featuring+ImpulseSave%21+"
1331220777000,"03/08/2012","Imagine+a+life+where+you+were+able+to+live+life+to+YOUR+fullest+right+now%21+Wouldn%27t+that+be+exciting%3F+%0A%0ACheck+out+this+interview+I+did+with+Jon+of+JW+Financial+Coaching.+We+talk+about+my+journey+before+and+after+becoming+debt+free.+Listen+to+how+my+life+has+taken+a+dramatic+and+purposeful+turn+to+allow+us+to+live+the+life+we+want+now.+I+feel+very+blessed+but+I+can+tell+you+this.+All+of+he+exciting+things+we+have+happening+now+wouldn%27t+be+possible+if+we+had+MINIMUM+PAYMENTS.%0A%0ABecome+DEBT+FREE+and+LIVE+NOW%21+"
1331250094000,"03/08/2012","Remember+the+cost+of+healthy+eating+versus+unhealthy+eating+question+I+asked+earlier+this+week%3F+Here%27s+the+post+I+promised+over+at+PerkStreet.+My+conclusion%3A+All+things+considered%2C+it%27s+cheaper+in+the+long+run.+Enjoy%21"
1331342010000,"03/09/2012","Have+you+heard+of+ImpulseSave%3F+%28It%27s+free+and+awesome%21%29+What+more+do+you+want%3F%0A%0AI+recently+gave+away+10+invites+to+join+ImpulseSave+and+am+liking+it+so+much+%28saved+%24310+today+myself%29+so+I+thought+I+would+show+some+love.%0A%0AI%27m+going+to+give+away+5+invites+here+on+facebook+right+now%21+Tomorrow+you+could+be+Impulsively+Saving+for+something+important+to+you.+I%27m+going+on+vacation+in+July%2C+to+two+financial+blogger+conferences+in+September%2C+and+Hawaii+for+13+weeks+after+that.+I+need+to+Impulse+Save+my+butt+off%21+%3AD%0A%0AWhat+is+ImpulseSave%3F%0A%0AIf+you+have+a+checking+account+you+can+impulse+save.+It+is+exactly+as+it+sounds.+Ever+wondered+how+much+you+could+save+if+you+ate+out+less%3F+Well%2C+next+time+you%27re+out+and+want+to+go+out+to+eat+but+change+your+mind%2C+you+can+send+what+you+WOULD+HAVE+spent+in+your+Impulse+Save+savings+account.%0A%0AWatch+your+savings+grow%21%0A%0ASet+up+goals.+Get+savings+reminders+weekly.+Impulse+save+your+way+to+whatever+you+want%21+%0A%0ATO+ENTER+TO+WIN+AN+INVITE+all+you+need+to+do+is+list+2-3+things+you+would+love+to+save+for+in+a+comment+below.+I%27ll+randomly+select+%28using+random.org%29+5+winners+tomorrow+sometime.%0A%0AYou+down%3F+Let%27s+do+it%21"
1331393385000,"03/10/2012","Check+out+my+new+post+over+at+CareOne."
1331487269000,"03/11/2012","I+have+4+more+invites+to+send+to+the+winners+of+the+ImpulseSave+giveaway.+%28posted+below%29+If+you+entered+to+win+an+invite+send+me+an+email+to+freedom%28at%29enemyofdebt%28dot%29com+letting+me+know+what+email+address+to+send+your+invite+to.+%0A%0AIf+you+have+changed+your+mind+just+let+me+know+and+I%27ll+be+able+to+give+those+invites+to+someone+else.+I+hope+everyone+had+a+terrific+weekend%21+%3AD"
1332516149000,"03/23/2012","Go+check+out+what+J+Money+is+up+to%21+Get+your+I%27m+Bringing+Budgets+Back+tee."
1333511115000,"04/03/2012","My+son+helped+me+with+a+Financial+Literacy+Month+video+project%21+Check+it+out.+I+know+you%27ll+love+it%21"
1333674123000,"04/05/2012","for+those+that+missed+it.+%3A%29"
1334175468000,"04/11/2012","New+Page+aimed+at+encouraging+parents+to+start+talking+to+their+kids+about+money."
1334457213000,"04/14/2012","Mud+Warrior+Virginia+2012+-+4+miles+of+mud+and+obstacles+complete+with+a+REALLY+INSANE+climb+to+the+peak+of+a+mountain+to+start+things+off."
1334626549000,"04/16/2012","Don%27t+forget+to+enter+to+win+The+Psychology+of+Wealth+book+giveaway.+I%27m+giving+away+three+copies+on+Friday.+Spend+less+than+a+minute+to+enter+for+your+chance+to+win.+http%3A%2F%2Fsu.pr%2F1TAGgl"
1334627775000,"04/16/2012","Want+to+win+%241%2C001+dollars%3F+Click+the+link+to+enter.%0A%0AHow+would+you+spend+%241%2C001+if+you+won%3F+I%27d+throw+it+ALL+into+savings%21%0A"
1335235204000,"04/23/2012","Financial+Literacy+Month+April+24%2C+2012+-+Avoiding+Bankruptcy+with+the+Pro+Rata+Plan."
1337101536000,"05/15/2012","Which+one+are+you%3F+"
1337186010000,"05/16/2012","Team+EOD+member+Jana+%40DailyMoneyShot+has+a+post+on+using+the+internet+to+stay+connected%21+Check+it+out+and+leave+some+comments+on+how+to+stay+connected+to+family+and+friends+on+the+cheap%21+"
1337269628000,"05/17/2012","Today%27s+TeamEOD+post+is+from+Travis%21+Would+you+have+done+the+same+thing+with+your+son%3F+"
1337609007000,"05/21/2012","If+you+are+struggling+with+debt+and+making+ends+meet%2C+you+need+to+do+some+serious+soul+searching.+There%27s+usually+something+you+are+clinging+to+as+a+%22must-have%22+that+can+be+eliminated+for+awhile.+What+are+you+willing+to+sacrifice+to+be+debt+free%3F+This+post+may+help+you+decide+http%3A%2F%2Fwww.enemyofdebt.com%2F2012%2F05%2Fwhat-will-you-sacrifice-for-freedom%2F"
1337781406000,"05/23/2012","Team+EOD+wants+to+hear+from+you%21+Can+you+tell+us+what+you+would+like+to+read+more+of+on+EOD%3F+"
1337955064000,"05/25/2012","Do+you+get+invited+to+a+lot+of+weddings%3F+The+gifts%2C+travel+expenses+and+clothing+costs+can+add+up.+Suzanne+Cramer+gives+us+some+tips+on+Surviving+the+Wedding+Season+without+debt+in+her+newest+post.+"
1338213792000,"05/28/2012","We+posted+a+quick+little+poll+on+here+the+other+day+to+make+sure+we+are+providing+you+with+what+you+want+to+read.+Please+take+a+few+seconds+to+vote+on+it.+Thanks.+http%3A%2F%2Fwww.facebook.com%2Fquestions%2F418643808169442%2F"
1338316248000,"05/29/2012","Trying+to+lose+weight%3F+Getting+out+of+Debt%3F+Treat+them+a+the+same+way.+When+faced+with+a+setback%2C+NEVER+give+up%21+Jump+right+back+into+the+mix+and+attack+that+weight%2Fdebt.+Read+more+on+the+blog.+http%3A%2F%2Fwww.enemyofdebt.com%2F2012%2F05%2Fif-at-first-you-dont-succeed-try-try-again%2F"
1338328053000,"05/29/2012","Check+out+this+trailer+for+what+is+bound+to+be+a+great+documentary+from+fellow+blogger+Man+Vs.+Debt%21+Good+luck+Baker+%26+Crew+in+raising+the+funds+you+need+to+see+this+film+soar%21"
1338332586000,"05/29/2012","Suzanne+Cramer+gave+us+some+great+tips+for+Surviving+the+wedding+season+without+debt.+Have+you+checked+it+out%3F+You+can+do+so+here%3A+http%3A%2F%2Fwww.enemyofdebt.com%2F2012%2F05%2Fsurvive-wedding-season-debt-free%2F"
1338398363000,"05/30/2012","Spotlight+on+a+Team+EOD+Member%3A+Paul+Puckett+Jr.+is+an+author+and+founder+the+Whole+Investor+Network.+He+has+been+working+in+financial+industry+since+1987.+He+brings+to+Team+EOD+a+passion+for+human+behavior.+In+his+words%3A+I+am+a+student+of+human+behavior+and+you+can+expect+my+posts+to+focus+less+on+numbers+and+more+on+how+we%2C+as+humans%2C+are+affected+by+our+emotions+when+we+make+decisions+about+money+and+investing.+Ultimately%2C+only+you+can+address+fear.+It+is+my+goal+to+provide+you+with+the+information+you+need+to+identify+and+eliminate+your+fears+relating+to+money+and+investing.+Take+a+look+at+the+posts+he+has+written+for+EOD+thus+far%2C+I%27m+sure+you+will+enjoy+them.+"
1338556799000,"06/01/2012","Have+you+ever+thrown+a+party+and+then+regretted+it+later+on+when+you+realized+how+much+it+was+costing+you%3F+Travis+has+some+great+tips+on+having+a+fun+time+without+breaking+the+bank+in+his+post+%22I%27m+in+Debt%2C+But+I+Party+Like+a+Rock+Star.%22+http%3A%2F%2Fwww.enemyofdebt.com%2F2012%2F05%2Fim-in-debt-but-i-party-like-a-rock-star%2F"
1338604952000,"06/01/2012","We%27ve+had+a+number+of+new+%22Likes%22+On+our+page+recently.+Thank+you+so+very+much%21+Just+a+reminder+about+FB+and+how+it+operates.+If+you+want+to+see+our+status+updates+and+feeds%2C+you%27ll+need+to+%22Like%22+the+updates+from+time+to+time.+If+you+just+read+them+and+then+scroll+past%2C+FB+treats+it+as+you+being+uninterested+and+will+eventually+stop+presenting+them+to+you+in+your+timeline.+So+if+you+like+what+you+read%2C+click+that+little+%22like%22+button+and+we+can+be+certain+that+you+keep+seeing+the+updates%21%21+Enjoy+your+weekend%21"
1338840013000,"06/04/2012","Is+school+out+for+your+kiddos+%28if+you+have+kids%29%3F+What+budget+friendly+activities+do+you+have+planned+for+the+summer%3F"
1340411893000,"06/22/2012","Traveling+this+summer%3F%3F+Don%27t+forget+to+budget+for+these+hidden+costs."
1347298426000,"09/10/2012","Some+of+you+may+know+that+we+recently+attended+FinCon12.+We+networked%2C+brainstormed+and+listened+to+others+inspire+us+to+make+EOD+%28and+personal+blogs%29+an+even+better+experience+for+those+of+you+getting+out+of+debt+and+learning+solid+personal+finance.%0D%0A%0D%0AEOD+was+also+nominated+for+two+awards+--+Best+Debt+Focused+Personal+Finance+Blog+and+Best+Multiple+Author+Personal+Finance+Blog.+%0D%0A%0D%0AWe+won+Best+Debt+Focused+Blog%21%21%0D%0A%0D%0AI+may+have+created+and+launched+my+passionate+mission+to+eradicate+debt+from+this+world%2C+but+without+TEAM+EOD+that+mission+may+have+fallen+by+the+wayside.%0D%0A%0D%0ALast+year+when+my+wife+and+I+decided+I+would+homeschool+Isaac+through+kindergarten+my+schedule+was+about+to+get+seriously+hectic.+I+also+started+Virginia+Printing+Company+and+as+most+of+you+know+we+also+had+our+beautiful+Hannah+Banana+on+August+30th+of+last+year.%0D%0A%0D%0AI+knew+my+new+obligations+would+cause+me+serious+trouble+so+I+decided+to+find+equally+passionate+bloggers+who+believed+in+my+mission+--+radical+debt+elimination%21+And+that%27s+how+Team+EOD+was+born%21%0D%0A%0D%0AI+love+and+appreciate+each+and+every+one+of+them+and+I+hope+they+know+that.+They+helped+me+keep+the+mission+alive+and+this+year+we+won+an+award%21+There%27s+no+way+I+can+take+full+credit+for+such+an+honor%21+%0D%0A%0D%0AFrom+the+bottom+of+my+heart+I+want+to+personally+thank+Travis+Pizel%2C+Suzanne+Cramer%2C+Ashley+Barnett%2C+Meadow+Devor%2C+Jana+Garber+Lynch%2C+Paul+Puckett%2C+Clair+Schwan%2C+Bobbi+Bushman%2C+Jessica+Streit%2C+%26+Dr+Jason+Cabler%21+%0D%0A%0D%0AYou+all+ROCK%21%21%21%21+Thank+you+for+passionately+writing+about+debt+elimination+and+personal+finance+for+Enemy+of+Debt%21+I+couldn%27t+have+kept+it+alive+without+you%21+%0D%0A%0D%0AWe+are+family%21%21+%3C3"
1347396316000,"09/11/2012","Hello+EOD+Nation%21+After+a+weekend+out+of+town%2C+the+wife+and+I+sat+down+and+made+sure+we+were+on+track+with+our+budget.++When+was+the+last+time+you+went+over+yours%3F"
1347420762000,"09/11/2012","In+case+you+missed+it.+%0A%0AMy+6+yr+old+son+sharing+his+thoughts+about+money+and+debt."
1347643195000,"09/14/2012","I%27m+hosting+a+pot+luck+BBQ+this+weekend+with+my+neighbors.++What+do+you+do+to+keep+your+entertainment+spending+in+check%3F"
1347896129000,"09/17/2012","LOVE+This%21"
1348057659000,"09/19/2012","What+are+YOUR+thoughts+about+a+FICO+score%3F++Necessity%2C+or+Ball+and+Chain+to+living+in+debt%3F"
1348086309000,"09/19/2012","In+case+you+missed+it%3A+%0A%0ASmart+Money+Debate+on+Credit+Scores+via+Ready+For+Zero.%0A%0AAre+Credit+Scores+Essential+to+do+things+like+get+a+mortgage%2C+rent+an+apartment%2Fhouse%2Fcar+etc.%3F+Is+building+your+credit+score+really+important%3F%0A%0ABrad+Chaffee+says%3A+Absolutely+not%21+http%3A%2F%2Fow.ly%2FdPwje%0ADavid+Weliver+says%3A+Yes+on+all+counts%21+http%3A%2F%2Fow.ly%2FdPwxg%0A%0AWhat+do+you+believe+and+live+by+when+it+comes+to+your+finances%3F+%0A%0AShare+your+opinion.+It%27s+okay+if+you+disagree+with+Brad.+Trust+me+he%27s+used+to+it.+In+the+personal+finance+arena%2C+he+often+feels+like+the+financial+Jesse+James+--+except+he+doesn%27t+murder+people.+He%27s+a+financial+rebel+that%27s+not+afraid+to+challenge+the+status+quo+and+stand+up+for+something+he+lives+and+believes+in.%0A%0AWhat+are+your+thoughts%3F"
1348421816000,"09/23/2012","This+weekend%2C+I+was+part+of+a+group+that+dressed+up+like+motorcycle+riders+and+went+for+a+%28pedal%29+bike+ride+on+a+trail.++Super+inexpensive%2C+and+fun%21++What+did+you+do+this+weekend%3F"
1348497775000,"09/24/2012","So+what%27s+the+moral+of+the+story%3F++Keep+yourself+together%2C+man%21%21%21%21"
1348660087000,"09/26/2012","Like+Father+Like+Daughter..."
1348704313000,"09/26/2012","How+about+you%2C+EOD+friends%3F++have+you+learned+to+so+%22No%3F%22"
1348836421000,"09/28/2012","TeamEOD+writer+Travis+has+a+post+over+at+My+Personal+Finance+Journey+today+talking+about+making+a+very+difficult+decision+about+his+kids%27+allowance+while+going+through+a+rough+spot+with+his+finances....check+it+out%21"
1349062706000,"09/30/2012","Thought+of+this+one+and+had+to+create+it.+--+Brad"
1349181515000,"10/02/2012","I+did+a+Secret+Shopping+job+at+my+favorite+Pizza+Place+last+night.++My+family+and+I+enjoyed+a+free+meal%21+%28well%2C+I%27ll+be+re-reimbursed%29.+Does+anyone+else+do+Secret+shopping%3F"
1349271912000,"10/03/2012","Where+do+you+go+on+date+night+with+your+significant+other%3F++Travis+and+Vonnie+went+to+the+Grocery+Store%21"
1349374177000,"10/04/2012","TeamEOD+member+Suzanne+Cramer+gives+us+some+great+tips+on+when+and+what+to+teach+kids+about+finances.++Great+read%2C+check+it+out%21"
1349784347000,"10/09/2012","I+live+in+the+midwest%2C+and+temps+are+getting+colder+at+night....how+many+people+have+turned+their+heat+on%3F+If+you+haven%27t%2C+how+long+are+you+holding+out%3F"
1349801011000,"10/09/2012","We+went+with+the+debt+assault%21+%3A%29+You%3F%0A%0A--Brad+"
1349902556000,"10/10/2012","TeamEOD+member+Travis+delivers+a+very+personal+post...."
1349966714000,"10/11/2012","%22Achieving+debt+freedom+involves+some+of+the+same+dedication%2C+sacrifice%2C+and+intense+focus+as+completing+a+marathon.+No+matter+what+your+situation+or+circumstances%2C+getting+out+of+debt+is+possible+for+you+as+long+as+you+make+steady+progress+in+the+right+direction.%22"
1350139575000,"10/13/2012","How+many+people+sign+loan+papers+and+don%27t+fully+understand+what+they%27re+signing%3F+Would+requiring+a+%22Borrower%27s+License%22+solve+the+problem%3F++What+do+you+think%3F"
1350396027000,"10/16/2012","Paying+off+debt+is+hard.....and+sometimes+you+just+don%27t+want+to+do+it+any+more.+Pity+parties+are+allowed....judging+isn%27t."
1350405814000,"10/16/2012","The+credit+score+debate+is+always+interesting.+What+do+you+think+about+it%3F+%0A%0ACredit+scores%3A%0AImportant+or+not+important%3F+%0ANeed+or+just+a+tool+to+get+more+debt%3F+%28for+those+that+borrow%29%0AIndicator+of+financial+responsibility+or+just+an+indicator+of+how+someone+manages+debt%3F%0A%0AThis+article+written+by+Budgets+Are+Sexy+mentions+me.+Read+my+response+to+Mark+and+Evan+and+tell+me+%28in+your+opinion%29+how+I%27m+doing+it+wrong.+%3AD%0A%0A--+BRAD"
1350562264000,"10/18/2012","Distance+may+make+the+heart+grow+fonder%2C+but+budget+discussions+can%27t+wait%21"
1350866495000,"10/21/2012","%22With+all+the+debating+going+on+lately+I+decided+to+check+my+credit+scores.+741%2F733%2F729.+NO+HISTORY%2C+NO+CARDS%2C+NO+DEBT%2C+NO+WORRIES%21+%23antiFICO%22+%40enemyofdebt%0A%0ADon%27t+chase+your+score+just+GET+OUT+OF+DEBT%21+Make+financial+decisions+that+are+good+for+your+family+--+not+your+score.+%0A%0AFor+those+that+are+wondering+I+have+ZERO+CREDIT+HISTORY+%26+ZERO+OPEN+ACCOUNTS+and+am+listed+as+LOW-RISK+with+all+three+agencies.+%0A%0AI%27ve+done+NOTHING+the+supposed+%22experts%22+said+I+should+do+to+build+my+score+and+EVERYTHING+the+experts+said+I+shouldn%27t.%0A%0ATHE+BOTTOM+LINE%3A%0A%0ADon%27t+believe+everything+you+hear+and+read+about+credit+scores%21%0A%0A--+Brad"
1350870415000,"10/21/2012","In+2010+-+%22Not+enough+information+to+determine+a+score%22%0A2011+-+TransUnion+701+%28article+below%29%0A2012+-+TransUnion+741%0A%0AShouldn%27t+that+be+the+other+way+around%3F%3F%0A%0A--+Brad"
1351024151000,"10/23/2012","I+live+in+the+Midwest%2C+and+cooler+temps+mean+a+lower+electric+bill.++The+bill+I++got+in+the+mail+today+was+down+over+30%25+from+last+month%2C+and+almost+50%25+from+August.++How+does+your+electric+bill+look%3F"
1351081744000,"10/24/2012","Brad%3A+Time+to+get+started%21"
1351184462000,"10/25/2012","Ever+feel+like+you+just+can%27t+cut+any+more+out+of+your+budget%3F++Yeah%2C+me+too%21"
1351265795000,"10/26/2012","How+do+you+handle+irregular+expenses+or+oddities+in+your+budget%3F"
1351362495000,"10/27/2012","Many+couples+have+this+difficulty+-+great+tips%21+-+Travis"
1351790127000,"11/01/2012","Didn%27t+think+so%21+%3A%29"
1351867282000,"11/02/2012","LOVE+this+picture......may+the+force+be+with+us+all%21"
1352300318000,"11/07/2012","One+of+13+credit+card+accounts+paid+off....just+like+riding+a+roller+coaster%2C+things+pick+up+from+here......here+we+go%21"
1352326162000,"11/07/2012","Do+you+have+a+plan+for+your+Holiday+Spending%3F%3F%3F"
1352474374000,"11/09/2012","Does+being+in+debt+make+you+view+gifts+differently%3F++It+did+for+Travis%2C+but+something+this+week+changed+all+that...."
1352656990000,"11/11/2012","WRONG%21+The+world+is+yours+if+you+DON%27T+NEED+a+credit+score%21"
1352985407000,"11/15/2012","Guest+post+over+at+Budgets+Are+Sexy+-+TeamEOD+writer+Travis+shares+his+get+out+of+debt+story%2C+and+what+it%27s+going+to+be+like+when+he+gets+out+of+debt%21%21%21"
1353703248000,"11/23/2012","Did+you+go+shopping+this+Black+Friday%3F++Travis+didn%27t...."
1353959826000,"11/26/2012","In+2006+a+Duke+University+researcher+found+that+more+than+40%25+of+the+actions+people+performed+each+day+weren%27t+actual+decisions%2C+but+habits.%0A%0AChange+your+habits+and+change+your+outcome.+What+do+your+habits+say+about+you%3F%0A%0A--Brad"
1354040882000,"11/27/2012","Here%27s+another+question+regarding+the+rationale+behind+spending.......which+one+best+describes+you%3F%0A%0A-+Travis"
1354110484000,"11/28/2012","I%27m+challenging+myself+to+use+coupons+to+save+money+at+the+grocery+store.....how%27d++I+do+in+my+first+try%3F%0A%0A--+Travis"
1354209734000,"11/29/2012","What+if+instead+of+America+spending+1+BILLION+DOLLARS+on+lottery+tickets+--+since+October+--+they+paid+off+1+BILLION+DOLLARS+in+debt%3F+Now+THAT%27S+something+worth+dreaming+about%21+-+Brad+Chaffee"
1354302041000,"11/30/2012","Having+a+mortgage+is+not+owning+a+home%2C+it%27s+driving+on+the+path+to+owning+a+home.+And+people+who+rent+are+not+throwing+their+money+down+the+drain+or+stupid+for+doing+so.+I+LOVE+THIS+ARTICLE%21%21%0A%0A--Brad"
1354805802000,"12/06/2012","This+can+also+be+applied+to+your+%22financial+fitness%22+as+well.++Bettering+your+finances+is+challenging.....but+it+will+change+you+forever%21++Challenge+yourself+today%21"
1355261385000,"12/11/2012","Cait%27s+credit+score+went+DOWN+because+she+paid+off+debt.....CRAZY%21%21%21"
1355335445000,"12/12/2012","Haircuts+are+expensive.+Here%27s+some+tips+to+%22cut%22+down+on+the+cost.+How+much+do+you+pay+for+a+haircut%3F"
1355498087000,"12/14/2012","In+my+latest+staff+writing+post+at+My+Personal+Finance+Journey%2C+I+explore+why+a+Debt+Management+Plan+was+the+right+choice+for+me+-+saving+me+%24118%2C000+in+interest%21+%0A%0A-+Travis"
1356113551000,"12/21/2012","If+I+go+shopping+without+a+list%2C+I+almost+always+overspend.....how+about+you%3F"
1356989920000,"12/31/2012","Happy+New+Year%27s+Eve%2C+EOD+Nation%21++Anyone+have+any+great+plans+for+a+fun+an+inexpensive+evening%3F"
1357141213000,"01/02/2013","To+be+successful+with+your+budget%2C+you+have+to+be+honest+and+%22real%22+about+your+spending%21"
1357247732000,"01/03/2013","Do+any+of+these+7+signs+sound+familiar%3F++They+do+to+me.....it+used+to+be+me%21"
1357678160000,"01/08/2013","Wondering+how+this+fiscal+cliff+thing+will+really+affect+your+wallet%3F++Give+this+a+read..."
1357919165000,"01/11/2013","Do+you+feel+uncomfortable+talking+about+debt%3F++Me+too...here%27s+why+you+shouldn%27t."
1358348038000,"01/16/2013","For+each+degree+you+permanently+turn+down+your+thermostat%2C+you+save+about+3%25.+My+Thermostat+is+currently+set+at+66+when+people+are+home%2C+how+low+can+you+go%3F"
1358550340000,"01/18/2013","Steve+is+a+wise+man%21++%3A%29"
1359339034000,"01/27/2013","How+much+do+you+spend+on+souvenirs+when+you+go+on+vacation%3F"
1359756028000,"02/01/2013","Hey+EOD+nation%2C+do+you+have+big+plans+for+Super+Bowl+Sunday%3F+Any+tips+to+have+a+great+time%2C+but+keep+it+inexpensive%3F"
1359827693000,"02/02/2013","Are+you+needing+a+little+motivation+to+continue+on+your+debt+free+journey%3F"
1360258393000,"02/07/2013","How+will+new+transaction+rules+affect+your+spending+habits%3F++Pay+cash%2C+and+it+doesn%27t+affect+you+at+all%21"
1360338782000,"02/08/2013","EOD+Writer+Travis+has+an+interesting+idea+to+save+money+on+Valentine%27s+Day+celebrations.++Would+you+try+this%3F++What+are+you+doing+for+Valentine%27s+day+this+year%3F"
1360420256000,"02/09/2013","When+do+you+spend+the+majority+of+the+funds+in+your+budget%3F%0A%0Aa.%29+during+the+week%0Ab.%29+during+the+weekend%0Ac.%29+what%27s+a+budget%3F"
1360690634000,"02/12/2013","Does+this+happen+to+you+too%3F%3F"
1360941280000,"02/15/2013","How+was+your+Valentine%27s+Day%3F%0A%0AA.%29+Didn%27t+Celebrate%0AB.%29+Surprisingly+Inexpensive%0AC.%29+I+went+completely+nuts+on+my+Valentine"
1361025258000,"02/16/2013","Vonnie+and+I+talk+almost+every+morning+about+our+finances+over+breakfast.++How+often+do+you+and+your+significant+other+talk+about+your+finances%3F%0A%0AA.%29+Daily%0AB.%29+Weekly%0AC.%29+Monthly%0AD.%29+We%27re+supposed+to+talk+to+each+other+about+Finances%3F"
1361576295000,"02/22/2013","Winter+storm+Q+dropped+about+7+inches+of+snow+on+my+part+of+Minnesota.....how+much+did+you+get%3F"
1361630667000,"02/23/2013","Is+eating+a+mushy+banana+penance+for+abusing+his+finances+for+so+many+years%2C+or+does+TeamEOD+writer+Travis++just+respect+his+money%3F"
1361896537000,"02/26/2013","Can%27t+wait+until+I+can+say+this%21%21%21++--Travis"
1363191095000,"03/13/2013","EOD+writer+Travis+shares+his+story+via+Business+Insider.++It+was+also+picked+up+via+Yahoo+finance%21"
1364335306000,"03/26/2013","Do+you+ever+feel+like+this%3F%3F%3F"
1364485070000,"03/28/2013","Love+this+post+by+%23TeamEOD+writer+Dr.+Cabler%21"
1364989806000,"04/03/2013","On+the+theme+of+Monday%27s+post%2C+what+do+you+think+about+cable+TV%3F%0A%0AA.%29+Don%27t+watch+TV%0AB.%29+It%27s+our+main+source+of+entertainment%0AC.%29+We+use+other+alternatives+%28Hulu%2C+Netflix%2C+Free+stations%2C+etc%29"
1365209555000,"04/05/2013","What+do+you+think+EOD+nation%3F"
1365252732000,"04/06/2013","What+do+you+think+about+tracking+your+spending%3F%0Aa.%29+I+do+it+religiously%0Ab.%29+I+track+my+monthly+expenses%2C+but+not+entertainment+spending%0Ac.%29+I+don%27t+track+my+spending+at+all"
1365981560000,"04/14/2013","Sometimes+we+have+to+change+the+way+we+think....who+agrees%3F"
1367677017000,"05/04/2013","Vonnie+and+I+take+our+entertainment+cash+out+every+Friday+to+help+make+sure+we+stay+on+budget+for+the+weekend.++What+do+you+do%3F%0A%0AA.%29+Cash+only+spending%21%0AB.%29+use+Debt%2Fcredit+card+and+keep+receipts%0AC.%29+What%27s+a+budget%3F"
1368225320000,"05/10/2013","Have+you+checked+out+Monday%27s+post+yet%3F++What+would+you+have+done%3F"
1368448026000,"05/13/2013","Getting+discouraged+in+your+get+out+of+debt+journey%3F++Here%27s+some+motivation+for+you....."
1368636118000,"05/15/2013","Are+you+a+DIY+money-saving+rock+star%3F+Check+out+this+post+from+TeamEOD+writer+Suzanne...."
1368799149000,"05/17/2013","Do+you+get+motivation+by+reading+personal+finance+blogs%3F+Me+too%21+Every+Friday+I+post+a+list+of+my+favorite+posts+of+the+week.....check+%27em+out%21"
1369051492000,"05/20/2013","Did+you+know+this+secret%3F++Do+you+know+any+other+similar+little+known+tidbits+to+help+readers%3F"
1369243155000,"05/22/2013","Remember+this+as+you+struggle+through+a+rough+spot+in+life....."
1369659335000,"05/27/2013","I+cannot+believe+how+much+retailers+charge+for+this+product....what%27s+the+biggest+ripoff+YOU%27VE+seen+lately%3F"
1369857568000,"05/29/2013","Cait%2C+who+happens+to+be+one+of+my+favorite+people%2C+is+a+rock+star.++Congrats%21"
1370279907000,"06/03/2013","Struggling+with+something%3F++Stop+worrying....it+doesn%27t+do+you+any+good."
1370606178000,"06/07/2013","Friday+is+Round+up+day+where+I+link+to+my+favorite+personal+finance+blog+post+of+the+week+-+check+%27em+out%21"
1370953952000,"06/11/2013","Do+you+know+of+any+business+that+will+give+you+a+%22bonus%22+gift+card%3F"
1371096546000,"06/12/2013","Hahaha..but+TRUE%21"
1371474156000,"06/17/2013","Layoffs+at+my+company+last+week+gave+me+a+fresh+perspective+on+our+finances......maybe+it%27s+time+you+took+another+look+at+your+situation+too%21"
1371642603000,"06/19/2013","What+do+you+think+EOD+Nation%2C+Is+This+a+Good+Way+to+Teach+Kids+about+Credit%3F"
1371781729000,"06/20/2013","I+agree+more+with+the+%22marathon%22+comparison+in+the+comments+-+what+do+you+think%3F"
1371911990000,"06/22/2013","How+many+of+these+lies+have+you+told+yourself%3F"
1372674630000,"07/01/2013","Looking+for+an+affordable+snack+for+the+kids+this+summer%3F++%23makeitgopuff+%23cbias+%23shop"
1372944030000,"07/04/2013","Flowers+can+be+EXPENSIVE......here%27s+a+little+DIY+trick+you+can+to+to+save+money+%21"
1373284953000,"07/08/2013","A+taste+of+financial+freedom+was+great%2C+and+left+me+wanting+more%21"
1373458767000,"07/10/2013","I+remember+this+feeling+too...how+about+you%21"
1373891893000,"07/15/2013","Are+you+living+a+life+of+financial+pain%3F++What+are+YOU+going+to+do+about+it%3F"
1374599577000,"07/23/2013","I%27ve+been+using+my+Galaxy+S4+through+Walmart+Family+Mobile+for+about+a+month+now....how+does+it+compare+to+my+AT%26T+service%3F"
1375101969000,"07/29/2013","How+has+Your+Get+Out+of+Debt+Journey+changed+you%3F"
1375703738000,"08/05/2013","Remember+the+Slip+n+Slide+from+your+childhood%3F++Now+imagine+one+130+feet+long.....%21"
1375903160000,"08/07/2013","Why+did+%23TeamEOD+writer+Suzanne+give+herself+a+C-+on+her+vacation+Budget%3F+Read+and+find+out%21+How+are+you+at+sticking+to+YOUR+vacation+budget%3F"
1376056909000,"08/09/2013","Get+those+fist+pumps+ready%21"
1376231240000,"08/11/2013","What+do+you+think+of+Emergency+Roadside+Assistance%3F%0Aa.%29+waste+of+money%0Ab.%29+Love+it%2C+wouldn%27t+leave+home+without+it%21%0Ac.%29+What%27s+Emergency+Roadside+Assistance%3F"
1376315326000,"08/12/2013","Have+you+every+REALLY+looked+at+the+fees+on+your+hotel+bill%3F%3F%3F"
1376411653000,"08/13/2013","Hey+EOD+Nation%21++If+you+love+EOD%2C+click+on+the+link+and+vote+for+us+for+%22Best+Debt+Blog.%22++The+link+provided+automatically+fills+in+the+appropriate+field+with+EOD%27s+URL....it+just+takes+a+few+seconds+and+it+would+REALLY+mean+a+lot+to+us%21"
1376567845000,"08/15/2013","I+LOVE+a+great+dessert%2C+so+I+made+a+cheese+pie+using+Philadelphia+Cream+Cheese+%28includes+link+to+a+money+saving+coupon+too%21%29+%23shop+%23cbias+%23saveonphilly"
1376757276000,"08/17/2013","Debt+and+a+good+laugh%3F++They+CAN+go+together......"
1376918598000,"08/19/2013","Yes+it+does....do+you+have+a+%22do+over%22+moment+from+your+childhood%3F++I+apologized+to+my+mom+for+mine..."
1377097303000,"08/21/2013","Talkin%27+Sweet+to+Make+Ends+Meet....that%27s+how+%23TeamEOD+writer+Suzanne+rolls%21"
1377189758000,"08/22/2013","I+freaking+LOVE+this+quote%21"
1377269046000,"08/23/2013","Oh+yeah...it%27s+Friday+-+time+to+spread+some+blogger+love+and+share+my+favorite+articles+from+the+last+week.++Check+%27em+out%2C+and+give+%27em+some+love%21"
1377521383000,"08/26/2013","My+son+starts+high+school+this+year.++Little+does+he+realize+that+from+here+on+out%2C+his+actions+will+affect+his+finances+for+the+REST+OF+HIS+LIFE%21++Do+you+agree%3F"
1377871185000,"08/30/2013","Fist+Pump+Friday%21++Check+out+my+favorite+posts+of+the+week%21"
1378246664000,"09/03/2013","I%27m+cost+conscious%2C+even+when+I+BBQ%21"
1378295410000,"09/04/2013","TRUE+STORY%21"
1378730584000,"09/09/2013","I%27m+reviewing+a+new+personal+finance+book+and+then+giving+it+away+to+one+lucky+reader+-+all+you+have+to+do+is+leave+a+comment+on+the+post+to+enter%21"
1379073319000,"09/13/2013","Time+for+some+Blogger+Loving....AND+announcing+who+won+Jeff+Rose%27s+Soldier+of+Finance%21"
1379336634000,"09/16/2013","I+draw+from+my+experiences+as+a+long+distance+runner+to+keep+me+going+on+my+get+out+of+debt+journey...."
1379423182000,"09/17/2013","Including+Enemy+of+Debt%21%21%21%21++Fist+pump+with+me+EOD+Nation%21"
1379591127000,"09/19/2013","How+is+your+retirement+planning+going%3F++TeamEOD+writer+Suzanne+wishes+she+was+doing+better...."
1379936972000,"09/23/2013","Decluttering+is+GREAT....but+how+much+will+it+cost+to+dispose+of+those+hard+to+get+rid+of+items%3F"
1380026814000,"09/24/2013","I%27ve+got+a+guest+post+up+over+at+Top5%21%21%21"
1380114448000,"09/25/2013","I+saw+this+on+the+Today+Show+this+morning....if+you+have+kids%2C+you%27ll+find+this+hilarious+-+check+out+the+link+below.++My+favorite+is+%22Tables+are++for+glasses....not+asses.%22"
1380235246000,"09/26/2013","Using+every+means+possible%2C+you%27ll+eradicate+your+debt+faster.....ever+thought+of+using+Ebay%3F"
1380543820000,"09/30/2013","The+most+important+thing+you+can+do+to+get+your+finances+back+on+track+is+to+FIX+your+SPENDING+habits.....check+out+why+by+following+the+link+in+the+comment+below."
1380652373000,"10/01/2013","How+you+handle+your+finances+today%2C+will+affect+your+future.++What+are+you+doing+for+your+future+you%3F%3F++Check+out+fellow+blogger+Lisa+as+she+explores+this+question+in+the+link+below%21"
1380744405000,"10/02/2013","Are+you+stressed+out%3F+Maybe+your+routine+just+needs+a+little+shake...%23TeamEOD+writer+Suzanne+tells+us+how+she+does+it+in+the+link+below."
1381150775000,"10/07/2013","Lights+flickering+on+my+dashboard+while+driving+through+rush+hour%3F++Oh+yikes%2C+just+a+little+proof+that+waiting+until+a+needed+maintenance+becomes+an+Emergency+will+cost+you+MORE+money%21++has+this+happened+to+you%3F++Check+out+the+post+in+the+link+below%21"
1381331712000,"10/09/2013","Team+EOD+writer+Travis+and+his+wife+have+their+story+featured+via+Lernvest+-+check+out+the+link+in+the+comment%21"
1381522934000,"10/11/2013","Do+YOU+have+the+right+mindset+to+get+out+of+debt%3F++TeamEOD+writer+Dr.+Cabler+tells+you+how+to+get+there+in+the+link+below%21"
1381681513000,"10/13/2013","Getting+out+of+debt+may+require+some+tough+choices+and+changes+-+even+on+special+days+like+your+anniversary.++Read+about+one+couple%27s+struggle+to+do+just+that+by+following+the+link+below%3A"
1381753702000,"10/14/2013","Gazelle+Intensity+focuses+on+saying+%22NO%22+while+paying+off+your+debt+-+but+you+also+need+to+learn+how+to+say+%22Yes%22+to+be+successful+long+term."
1382099867000,"10/18/2013","I%27m+sharing+my+story+in+a+pod+cast+over+at+Stacking+Benjamens+today+-+click+on+the+link+in+the+first+comment+to+hear+how+Vonnie+and+I+racked+up+%24109K+of+credit+card+debt%2C+and+how+we%27re+just+months+from+paying+it+all+off%21"
1382444356000,"10/22/2013","Your+check+engine+light+tells+you+there%27s+something+that+you+need+to+pay+attention+to.+++Check+out+the+link+in+the+comments+to+find+out+what+it+told+me+about+my+finances...."
1382653745000,"10/24/2013","If+you+need+inspiration+today+to+make+the+changes+needed+to+get+your+life+back+on+track%2C+then+you+NEED+to+check+out+this+post+%28link+in+the+first+comment%29+from+my+friend+McKenzie+over+at+The+Random+Path"
1382824091000,"10/26/2013","Hey+EOD+nation%2C+need+some+motivation+this+weekend+to+do+your+very+best+with+your+finances%3F++Check+out+my+favorite+posts+of+the+week+from+around+the+web....%0A%0Ahttp%3A%2F%2Fwww.enemyofdebt.com%2F2013%2F10%2Fi-love-you-like-a-blogger-roundup-1025%2F"
1382914567000,"10/27/2013","I+just+got+back+from+my+Sunday+grocery+shopping%2C+and+was+right+on+with+our+family+of+4%27s+budget+of+%24125+per+week.++How+much+do+you+spend+on+groceries%3F"
1382964726000,"10/28/2013","Over+the+weekend+something+convinced+me+to+MAN+UP+and+start+building+our+emergency+fund.++Read+about+it+in+the+link+in+the+first+comment...."
1382988445000,"10/28/2013","Haha%2C+so+true%2C+don%27t+you+agree%3F"
1383087290000,"10/29/2013","Do+you+have+visions+of+retiring+early%3F++Hopefully+you+don%27t+do+any+of+the+top+5+says+to+make+sure+that+doesn%27t+happen....check+out+the+post+%28link+in+the+first+comment%29+and+tell+us+how+you+are+doing%21"
1383222125000,"10/31/2013","It%27s+hard+to+walk+out+of+a+%22Club+store%22+without+spending+a+ton...here%27s+how+you+make+it+worth+it%21++Great+post+via+Frugal+Rules%2C+link+in+the+first+comment."
1383586073000,"11/04/2013","As+of+the+October+payment+of+our+debt+management+plan%2C+we%27ve+paid+off+%24100%2C000+of+credit+card+debt.++How+does+that+feel%3F++Find+out+by+reading+the+latest+post+at+Enemy+Of+Debt+%28click+on+link+in+the+first+comment%29%21"
1383753520000,"11/06/2013","Who+wants+to+join+the+%245+and+see+if+they+can+beat+Team+EOD+writers+Suzanne+and+Travis%3F++Check+out+the+link+in+the+first+comment+and+join%21"
1383836486000,"11/07/2013","Fellow+Minnesota+blogger+Laurie+hits+the+nail+on+the+head....how+do+those+around+you+react+to+YOUR+get+out+of+debt+efforts%3F"
1384182525000,"11/11/2013","How+much+has+my+debt+cost+my+long+term+financial+picture%3F++Would+you+believe+half+a+MILLION+dollars%3F"
1384284328000,"11/12/2013","Need+some+inspiration+on+your+journey+to+pay+off+your+debt%3F++Check+out+these+4+stories%2C+including+that+of+TeamEOD+writer+Travis%21"
1384364450000,"11/13/2013","I+wrote+an+article+on+this+subject+recently+%28actually+mentioned+in+this+one%29....what+do+you+think+EOD+nation%2C+is+Gazelle+Intensity+sustainable%3F"
1384781660000,"11/18/2013","A+Commercial+I+saw+over+the+weekend+proves+it...credit+card+companies+think+we%27re+stupid.++Have+you+seen+this+commercial%3F+What+do+you+think%3F"
1384985990000,"11/20/2013","21+inspirational+stories...including+Brad+Chaffee+%28founder+of+Enemy+of+Debt%29+and+current+EOD+writer+Travis%21++Link+in+the+first+comment%21"
1385043388000,"11/21/2013","Could+you+use+%24100%3F+We%27re+hosting+a+giveaway%2C+and+YOU+could+be+the+winner%21++Multiple+ways+to+enter%2C+just+follow+the+link+in+the+first+comment%21"
1385395271000,"11/25/2013","Who+knew+a+movie+could+provide+so+much+inspiration..."
1385737338000,"11/29/2013","Team+EOD+writer+Suzanne+updates+us+on+her+30+day+financial+Challenge...how+did+she+do%3F"
1385993615000,"12/02/2013","What%2C+you%27re+supposed+to+get+up+SUPER+early+to+get+door+buster+deals+on+Black+Friday%3F++Not+this+guy....."
1386033070000,"12/02/2013","Who+put+their+Christmas+Tree+up+last+weekend%3F"
1386077561000,"12/03/2013","Ever+ended+up+buying+something+more+expensive+than+what+you+originally+set+out+to+purchase%3F++Ah+yes%2C+the+art+of+the+%22upsell%21%22+How+do+YOU+avoid+it%3F"
1386170050000,"12/04/2013","How+can+you+double+your+networth%3F++New+Team+EOD+writer+Steve+tells+us+how+he+did+it%21%0D%0A%0D%0Ahttp%3A%2F%2Fwww.enemyofdebt.com%2F2013%2F12%2Fwe-doubled-our-net-worth-and-you-can-too%2F"
1386248435000,"12/05/2013","Why+do+my+wife+and+I+do+our+budget+twice%3F++Find+out+in+my+latest+post+in+the+CareOne+community+-+link+in+the+first+comment%21"
1386278491000,"12/05/2013","I+LOVE+this+idea....has+anyone+ever+tried+this%3F"
1386348646000,"12/06/2013","Sprint%27s+got+a+pretty+sweet+deal+doing+on+right+now+with+FREE+talk%2Ftext+and+1GB+of+data+for+a+year+for+students%21+%23cbias+%23shop+%23aplanplus%0D%0A%0D%0Ahttp%3A%2F%2Fwww.enemyofdebt.com%2F2013%2F12%2Ffree-student-mobile-plan-with-with-sprints-my-way-promotion%2F"
1386606222000,"12/09/2013","Are+you+stressed+out+about+the+holidays%3F++You+should+read+this...."
1386684583000,"12/10/2013","Housing+is+likely+your+largest+monthly+expense....so+how+come+I+didn%27t+sell+my+house+and+downsize+when+I+found+myself+%24109%2C000+in+credit+card+debt%3F++Ready+why+in+my+first+post+at+MoneyNing+-+link+in+the+first+comment+below."
1386770613000,"12/11/2013","Are+you+stressed+out+about+the+holidays%3F+You+should+read+this+post.....don%27t+let+those+holiday+expectations+hold+you+hostage%21+Link+in+the+first+comment+below%21"
1387200859000,"12/16/2013","If+you+need+a+date+night+with+your+special+someone%2C+but+your+budget+it+tight+due+to+the+the+holidays%2C+this+post+is+for+you%21++%23KYDateNight+%23cbias+%23shop"
1387375477000,"12/18/2013","Random+parts+of+your+house+blowing+away%3F+Car+battery+dying%3F+There+are+emergencies%2C+then+there+are+just+unplanned+expenses.+%23TeamEOD+writer+Suzanne+tells+us+her+philosophy+on+preparing+for+them.+Check+out+the+link+in+the+first+comment%21"
1387822698000,"12/23/2013","Do+you+pay+for+things+with+cash+to+stay+on+budget%3F++We+do....and+when+we+don%27t%2C+bad+things+happen.++Read+how+in+the+link+in+the+first+comment%21"
1387903451000,"12/24/2013","Getting+out+of+debt+requires+sacrifice....Can+you+do+it%3F++Can+you+choose+long+term+success+over+Immediate+gratification%3F++Great+post+from+The+Frugal+Farmer+-+link+in+the+first+comment%21"
1388078730000,"12/26/2013","How+do+you+know+when+to+get+rid+of+a+vehicle%3F++Time+may+be+running+out+on+our+current+van....read+about+it+in+the+link+in+the+first+comment%21"
1388419737000,"12/30/2013","New+year%27s+resolution%3F++No+thanks....go+big+or+go+home%2C+I%27m+making+a+new+decade+resolution.+Link+in+the+first+comment%21"
1388520861000,"12/31/2013","Is+your+car+nearing+the+end+of+it%27s+life%3F++How+do+you+know+when+it%27s+time+to+let+go%3F++I%27m+asking+the+same+question+in+my+latest+post+at+MoneyNing+-+link+in+the+first+comment%21"
1388594470000,"01/01/2014","How+does+knocking+%242048+worth+of+debt+by+Thanksgiving+sound+to+you%3F++TeamEOD+writer+Steve+shows+us+how....link+in+the+first+comment%21"
1388760617000,"01/03/2014","Are+you+thinking+of+buying+a+house%2C+or+refinancing+this+year%3F++There+are+new+mortgage+rules+you+need+to+know+about...."
1388782371000,"01/03/2014","%23TeamEOD+writer+Travis+is+nearing+the+end+of+his+debt+relief+progam...and+in+the+process+eliminated+over+%24100%2C000+of+debt.++If+you+haven%27t+read+his+story%2C+you+can+read+about+it+in+the+link+in+the+first+comment%21"
1388851173000,"01/04/2014","Need+a+little+Saturday+Morning+motivation%3F+An+update+on+%23TeamEOD+writer+Travis%27s+get+out+of+debt+journey+is+included+in+a+post+by+renowned+credit+expert+Gerri+DebtWeiler+over+at+eCredable+-+link+in+the+first+comment%21"
1389017320000,"01/06/2014","Are+you+starting+a+quest+to+pay+down+debt+in+the+new+year%3F++Maybe+just+getting+your+finances+in+better+shape%3F++Before+you+do+ANYTHING.....do+THIS%21++Link+in+the+first+comment%21"
1389133101000,"01/07/2014","Are+you+ever+just+SICK+and+TIRED+of+pinching+pennies+and+paying+off+debt%3F++My+friend+John+from+FrugalRules++gives+you+some+motivation+in+today%27s+post+on+EOD+-+link+in+the+first+comment%21"
1389628297000,"01/13/2014","Taking+control+of+your+finances%2C+and+taking+control+of+your+health+really+aren%27t+that+different...read+how+my+wife+and+I+are+doing+it+in+2014+-+link+in+the+first+comment%21"
1389800575000,"01/15/2014","I+Love+this+post+from+Three+Thrifty+Guys...I+can%27t+wait+to+feel+what+financial+freedom+feels+like+-+link+in+the+first+comment%21"
1390231581000,"01/20/2014","I%27ve+done+this+before...more+for+peace+of+mind+than+anything+else.++Have+you+rented+a+car+for+a+long+trip+instead+of+driving+your+own%3F"
1390488455000,"01/23/2014","Saving+money+by+travel+hacking+doesn%27t+always+work.....read+how+it+backfired+in+this+awesome+guest+post.+Link+in+the+first+comment%21"
1390838345000,"01/27/2014","While+paying+off+debt%2C+there%27s+an+essential+relationship+tool+that+has+been+off+limits...I%27m+looking+forward+to+getting+it+back.++Read+why+paying+off+debt+will+ROCK+my+marriage+-+link+in+the+first+comment%21"
1390916579000,"01/28/2014","Still+think+budgeting+isn%27t+necessary%3F++Better+read+this+article....."
1391185613000,"01/31/2014","One+payment+made+today%2C+final+%28partial%29+payment+scheduled+for+Tuesday...it%27s+over.%0A%0A"
1391462165000,"02/03/2014","I+have+an+opportunity+to+knock+off+some+life+goals+for+a+total+financial+and+fitness+transformation+in+2014....what+do+you+think%3F++What+kind+of+goals+are+you+working+on%3F"
1391627641000,"02/05/2014","How+many+of+these+have+you+told+yourself%3F"
1391698595000,"02/06/2014","Everyone+have+their+Frugal+Valentine%27s+Day+Plans+ready+to+go%3F++If+not%2C+here+are+some+ideas...link+in+the+first+comment%21"
1392063467000,"02/10/2014","When+I+finished+a+5K+this+weekend%2C+my+first+thought+was%2C+%22I+can+do+better.%22++It%27s+that+kind+of+goal+driven+attitude+that+is+going+to+help+me+achieve+ALL+my+dreams....read+more+by+following+the+link+in+the+first+comment%21"
1392119329000,"02/11/2014","A+post+overflowing+with+great+deals+for+your+Valentine%21"
1392475545000,"02/15/2014","How+much+do+you+pay+your+kids+in+allowance%3F%0A%0Aa.%29+fixed+amount+I+pulled+out+of+the+air%0Ab.%29+%241+per+year+of+age+each+week%0Ac.%29+what+allowance%3F"
1392568131000,"02/16/2014","Yesterday+we+asked+you+how+much+you+pay+your+kids+in+allowance....today+I%27ve+got+an+article+that+shows+how+earning+an+allowance+can+help+your+kids+for+life.++Link+in+the+first+comment%21"
1392646805000,"02/17/2014","My+daughter%2C+Tori%2C+is+back+with+very+special+guest+post+teaching+us+all+a+little+something+about+creativity+and+Valentine%27s+Day.++Link+in+the+first+comment%21"
1392813504000,"02/19/2014","Brick+and+Mortar+Banks+aren%27t+the+only+place+to+find+mortgages.++Would+you+get+a+mortgage+online%3F++Link+in+the+first+comment%21"
1392920163000,"02/20/2014","Spring+is+on+the+way....time+to+declutter%21++Check+out+my+3-Step+Plan+for+Earning+some+cash+while+you+do+it+-+link+in+the+first+comment%21"
1392939202000,"02/20/2014","We%27re+in+a+blizzard+warning+in+Minnesota.++The+snow+is+coming+down+fast%2C+and+it%27s+that+really+wet%2C+heavy+kind.++Reminds+me+of+this+post+I+wrote+last+year.....%0A%0A"
1393087464000,"02/22/2014","Do+you+just+drop+stuff+off+at+donation+sites+without+claiming+them+as+a+deduction%3F++Or+worse+yet%2C+just+throw+old+stuff+away%3F++You+NEED+to+read+this+post%21++%0A%0A"
1393246341000,"02/24/2014","I%27ve+done+my+own+taxes+for+the+last+16+years.++Is+this+the+year+I+should+pay+someone%3F++How+complicated+are+you+taxes%3F++Do+you+do+your+own%3F%0A"
1393513540000,"02/27/2014","Are+you+getting+slapped+with+a+large+tax+till+this+year+that+you+can%27t+pay%3F++You+have+options....read+about+them+by+following+the+link+in+the+first+comment%21"
1393599662000,"02/28/2014","We+all+know+someone+that+is+going+somewhere+warm+this+winter.....here%27s+a+great+post+on+how+to+beat+that+Winter+Vacation+Envy.%0A%0A"
1393850844000,"03/03/2014","March+is+the+first+month+we+don%27t+have+a+huge+payment+to+make+towards+our+credit+card+debt.++Did+we+become+big+spenders+on+the+first+weekend%3F++Find+out%2C+link+in+the+first+comment%21"
1394048638000,"03/05/2014","%23TeamEOD+writer+Steve+gives+great+advice+on+what+to+do+with+your+tax+refund+-+are+you+getting+a+refund+this+year%3F++What+are+YOU+going+to+do+with+it%3F"
1394117356000,"03/06/2014","How+many+of+these+lies+have+you+told+yourself%3F"
1394420029000,"03/09/2014","I+was+heads+down+doing+my+taxes+this+weekend.....where+are+you+at+with+your+taxes%3F%0A%0Aa.%29+Done%2C+filed+and+payed%2Frefunded%0Ab.%29+I%27m+procrastinating%0Ac.%29+It%27s+tax+season%3F%3F"
1394466005000,"03/10/2014","If+you+combine+finances+with+your+significant+other+%28or+even+if+you+don%27t%29%2C+I%27ve+love+to+hear+your+thoughts+on+this+post%21"
1394659277000,"03/12/2014","If+you%27re+interested+in+hearing+%23TeamEOD+writer+Travis+talk+about+his+fight+with+debt%2C+he%27s+going+live+in+a+few+minutes+via+TrustDale+Radio+in+the+Atlanta+area%21%0A%0AAtlanta%3A%0AMonday+-+Friday%2C+Talk+Radio+640+WGST+%40+5+PM%0A%0AStreaming%3A%0AMonday+-+Friday%2C+www.IHeartRadio.com+%40+5+PM%0A"
1394729871000,"03/13/2014","How+many+of+these+characteristics+do+YOU+have%3F"
1395181126000,"03/18/2014","Having+problems+getting+started+with+your+budget...or+looking+for+some+tips+to+improve+your+budget+system%3F++Today+I%27m+sharing+my+budget+system+-+take+a+peek%21%0A%0A"
1395323038000,"03/20/2014","Ever+wonder+just+how+much+bad+credit+can+affect+you%3F++Turns+out%2C+it+can+cost+you+THOUSANDS+of+dollars%21"
1395748394000,"03/25/2014","No+Contract+Phone+plans+are+all+the+rage...but+are+they+really+THAT+different%3F++You+have+to+see+the+comparison+in+my+latest+post%21%0A%0A"
1395923504000,"03/27/2014","The+latest+EOD+post+is+featured+on+Rock+Star+Finance+today%21%0A%0A"
1396010246000,"03/28/2014","Do+you+have+wildly+changing+utility+bills+with+the+season%3F++With+just+a+few+easy+steps+you+can+deal+with+them+easily....%0A%0A"
1396268082000,"03/31/2014","I+hate+credit+cards.++A+Lot.++I+found+a+new+reason+to+hate+them+during+my+family%27s+road+trip+to+Florida.++Read+about+it+in+the+link+in+the+first+comment%21"
1396442826000,"04/02/2014","%23TeamEOD+writer+Steve+shows+us+a+valuable+lesson+he+taught+his+daughter+using+video+games+-+link+in+the+first+comment%21"
1396869015000,"04/07/2014","Did+someone+say+%22Give+Away%3F%3F%22++Oh+yeah.....if+you+need+help+with+retirement+planning+this+book+can+help%21"
1396958554000,"04/08/2014","How+Much+Would+you+help+YOUR+kids%3F"
1397050601000,"04/09/2014","Want+to+make+some+money+at+home%3F++Here%27s%27+4+suggestions+anyone+can+do%21"
1397217027000,"04/11/2014","Still+struggling+with+your+debt%3F++Dr.+Cabler+gives+us+5+Simple+Steps+to+start+your+road+to+healing%21"
1397478142000,"04/14/2014","Ok%2C+so+today%27s+post+is+more+about+being+a+father+than+finances+-+I+think+all+you+fathers+out+there+%28and+mothers%29+can+relate.%0A%0Ahttp%3A%2F%2Fwww.enemyofdebt.com%2F2014%2F04%2Fmisplaced-dad-on-a-pre-teen-shopping-trip%2F"
1397600308000,"04/15/2014","Great+advice....could+you+do+it%3F"
1397650932000,"04/16/2014","Sitting+in+front+of+a+theater+packed+with+hundreds+of+people+talking+about+my+debt+was+a+very+eye+opening+experience....%0A%0Ahttp%3A%2F%2Fwww.enemyofdebt.com%2F2014%2F04%2Ffinancial-literacy-communication-and-teamwork-are-vital-to-success%2F"
1398088665000,"04/21/2014","Proof+that+%22sleeping+on+it%22+before+making+a+purchase+does+help+prevent+those+impulse+buys%21%0A%0Ahttp%3A%2F%2Fwww.enemyofdebt.com%2F2014%2F04%2Fpreventing-impulse-buys-with-a-waiting-period-does-it-work%2F"
1398426922000,"04/25/2014","Have+you+ever+calculated+whether+you%27re+really+getting+your+money%27s+worth+with+your+vision+coverage%3F"
1398685436000,"04/28/2014","A+little+twist+on+an+old+saying....what+do+you+think%3F"
1398857100000,"04/30/2014","Who+wants+a+room+filled+with+gold+bars%3F%3F%3F+Wouldn%27t+that+be+awesome%3F%3F%3F++"
1399034337000,"05/02/2014","What+do+you+think%2C+EOD+nation%3F++Are+credit+cards+evil%3F"
1399291968000,"05/05/2014","Keep+your+head+up%2C+parents...it+happens+to+all+of+us.++%3A%29"
1399465387000,"05/07/2014","TeamEOD+writer+Steve+tells+us+why+Renting+is+NOT+a+bad+option...."
1399896587000,"05/12/2014","Things+sure+seem+easier+now+that+our+mountain+of+credit+card+debt+is+gone....but+does+more+money+really+mean+a+happier+marriage%3F"
1399920698000,"05/12/2014","+I%27m+part+of+a+roundtable+today+on+the+Stacking+Benjamins+podcast....my+part+starts+about+12+minutes+in."
1400113299000,"05/14/2014","Everyone+has+one...right%3F"
1400497422000,"05/19/2014","Credit+card+companies+have+started+giving+consumers+their+credit+score+for+free+each+month.++They%27d+like+you+to+believe+they%27re+doing+you+a+favor%2C+but+they%27re+not....it%27s+all+about+the+money...."
1401113014000,"05/26/2014","It+happened....so++put+a+new+reminder+on+the+inside+of+my+wallet.++%3A%29"
1401280357000,"05/28/2014","If+someone+thinks+what+you%27re+doing+is+stupid...maybe+it%27s+just+different%2C+and+maybe+that%27s+GOOD%21"
1401710430000,"06/02/2014","Ever+wonder+how+much+a+credit%2Fdebit+card+transaction+costs+retailers%3F++I+did+the+research+so+you+don%27t+have+to.++%3A%29"
1401883811000,"06/04/2014","Want+to+save+on+Taxes%3F++%23TeamEOD+writer+Steve+tells+us+how%21"
1401983890000,"06/05/2014","New+%23TeamEOD+member+Maria+knows+a+little+bit+about+paying+off+debt...she+paid+off+over+%24160%2C000%21"
1402313157000,"06/09/2014","I+was+a+victim+of+retail+assault+over+the+weekend%2C+and+I+didn%27t+appreciate+it."
1402488413000,"06/11/2014","Have+you+talked+to+your+teen+about+credit%3F++Team+EOD+writer+Bob+Miller+tells+us+how%21"
1402916933000,"06/16/2014","Our+excuses+for+not+achieving+our+dreams+sound+ridiculous%21"
1403052036000,"06/17/2014","You+HAVE+to+check+out+TeamEOD+writer+Maria%27s+get+out+of+debt+story.....%21"
1403118740000,"06/18/2014","Remembering+to+enjoy+EVERY+day+of+your+life+is+important%21"
1403521514000,"06/23/2014","Hopefully+you%27re+aware+of+this%21+"
1403703871000,"06/25/2014","Sometimes+we+all+need+just+a+little+reminder+to+accomplish+our+goals%21++What+do+you+use%3F"
1403798833000,"06/26/2014","Are+you+SURE+you%27re+taking+full+advantage+of+your+Costco+membership%3F%3F"
1404141900000,"06/30/2014","Have+learned+how+to+use+Credit+the+right+way.....or+are+we+just+crazy+for+trying+this+again%3F"
1404236333000,"07/01/2014","Sometimes+Budgeting+feels+like+a+necessary+evil....but+it+IS+necessary%21"
1404736219000,"07/07/2014","I+stayed+in+two+very+different+hotels+this+weekend....and+had+two+very+different+experiences...."
1404905690000,"07/09/2014","Unfortunately+it%27s+a+question+too+many+people+have+to+face...."
1405425389000,"07/15/2014","Who+wants+to+win+an+iPad%3F%3F"
1405639016000,"07/17/2014","I+used+debt+consolidation+to+pay+off+over+%24109%2C000+of+credit+card+debt%2C+so+I+disagree+with+much+of+this+article....BUT+it+does+have+some+great+information%2C+and+is+a+great+conversation+starter+to+get+people+thinking+about+the+subject+of+getting+out+of+debt.+%0A"
1405944257000,"07/21/2014","Want+to+retire+early%3F++Here%27s+how+it%27s+done....."
1405982965000,"07/21/2014","Despite+news+to+the+contrary%2C+the+evilness+of+debt+consolidation+loans+has+been+greatly+exaggerated...."
1406550929000,"07/28/2014","Interesting+question.....how+would+you+answer%3F"
1407242774000,"08/05/2014","If+you%27re+looking+to+get+your+finances+back+on+track%2C+you+have+to+start+somewhere....how+about+by+cutting+your+expenses%3F++Great+tips%21"
1407327046000,"08/06/2014","Are+you+taking+the+right+path+with+your+retirement+planning%3F++TeamEOD+writer+Steve+tells+you+what+you+SHOULD+be+doing%21"
1407450295000,"08/07/2014","No+owner%27s+manual%2C+no+box%2C+no+problem%21++Do+you+have+a+great+return+policy+story%3F"
1407761261000,"08/11/2014","You+deserve+better+than+Half-Ass.++Period."
1408365080000,"08/18/2014","Winging+it+just+doesn%27t+work%2C+not+in+finances%2C+not+in+anything%21"
1408973344000,"08/25/2014","Just+assume+it%27s+cheaper+because+it%27s+from+a+club+store..."
1409143989000,"08/27/2014","Fall%27s+just+around+the+corner.....here%27s+some+ways+to+keep+your+money+where+it+belongs...in+your+pocket%21"
1409581621000,"09/01/2014","Are+you+taking+care+of+your+money%2C+or+are+you+just+throwing+your+money+away%3F"
1409755762000,"09/03/2014","Part+of+the+responsibility+having+a+pet+is+being+able+to+take+care+of+it+should+a+medical+emergency+arise+-+agree%3F"
1410175467000,"09/08/2014","You+may+have+heard+of++similar+popular+game+show.....here%27s+the+financial+blog+edition%21"
1410263359000,"09/09/2014","How+do+you+view+life+insurance%3F%3F++%23StartLiving"
1410871080000,"09/16/2014","Most+of+my+Mystery+shops+pay+very+little....but+then+along+came+this+one%21"
1411044317000,"09/18/2014","Yes%2C+Cash+is+still+KING.++Agree%3F"
1411389739000,"09/22/2014","It%27s+Official.......how+about+you%3F%3F"
1411488457000,"09/23/2014","Yup%2C+it%27s+that+Time+again........are+you+starting+to+get+ready%3F"
1411562809000,"09/24/2014","Congrats+to+fellow+blogger+Brian+who+just+finished+paying+off+%24109K+of+credit+card+debt%21++FISTPUMP%21"
1411997412000,"09/29/2014","Paying+off+debt%3F++Do+you+have+a+support+system+in+place%3F++You%27re+going+to+need+it....."
1412079200000,"09/30/2014","What+have+you+been+spending+too+much+on+lately%3F"
1412175322000,"10/01/2014","Great+advice...do+you+have+anything+to+add%3F"
1412600260000,"10/06/2014","A+person+can+learn+a+lot+about+life+by+running+a+marathon...."
1412776283000,"10/08/2014","Who%27s+Biz+Markie%3F++He+may+not+be+a+house+hold+name+anymore%2C+but+he%27s+still+workin%27+hard+and+living+the+dream%21"
1413202733000,"10/13/2014","I+had+always+thought+it+was+a+credit+card....turns+out+I+was+wrong."
1413319247000,"10/14/2014","Which+ones+are+YOU+wasting+your+money+on%3F%3F"
1413371518000,"10/15/2014","Sunday+afternoons+in+the+fall+are+meant+for+watching+football%2C+but+first+I+need+to+achieve+%23LaundryBliss+by+conquering+that+laundry+Mountain%21++%23CollectiveBias+%23Shop"
1413810847000,"10/20/2014","If+you+shoot+for+the+stars%2C+but+only+get+to+the+moon...you%27re+still+on+the+moon%21++%3A%29"
1413984584000,"10/22/2014","You%27ve+worked+hard+for+a+clean+credit+report.++Congratulations%21++How+can+you+keep+it+that+way%3F++Credit+monitoring+may+be+part+of+the+answer...."
1414011344000,"10/22/2014","I+don%27t+think+I+am+poorer+than+my+parents....but+I+do+know+they+are+much+more+frugal+than+I."
1414069770000,"10/23/2014","I%27ve+got+a+guest+post+over+at+Penny+Pinching+Mom+today+-+struggling+with+debt%3F++There+ARE+alternatives+to+Bankruptcy...."
1414411945000,"10/27/2014","Looking+for+a+new+cell+phone%2C+The+ATT+store+was+insanely+busy%2C+so+we+went+to+BestBuy......what+we+found+shocked+us%21"
1414425255000,"10/27/2014","At+some+point%2C+you+just+have+to+forgive+yourself+for+your+financial+mistakes%2C+and+move+on...."
1414502381000,"10/28/2014","I+call+it+getting+value%2C+my+friend+Kathleen+calls+it+Conscious+spending.++Whatever+you+call+it%2C+it%27s+a+GREAT+idea%21"
1414515595000,"10/28/2014","If+you+haven%27t+picked+up+your+Halloween+Treats+yet%2C+you+NEED+this+coupon%21++%23ScarySavings+%23shop+%23Cbias"
1414584184000,"10/29/2014","Do+you+have+the+right+%22Pace%22+to+pay+off+your+debt%3F"
1414675751000,"10/30/2014","I%27ve+got+a+guest+post+over+at+Prudence+Debt+Free+today+about+the+differing+view+my+wife+and+I+have+over+how+to+spend+school+breaks.++Stayvacation%2C+or+vacation%3F"
1415018044000,"11/03/2014","Stupid+security+breaches......cash+is+king%2C+always+has+been%2C+always+will+be."
1415044999000,"11/03/2014","Cold+and+Flu+season+is+here....great+coupons+at+Walgreens+for+all+your+favorite+products+from+Pfizer%21++%23HealthySavings+%23Shop+%23Cbias"
1415197405000,"11/05/2014","Always+have+the+right+tool+for+the+job%21"
1415216031000,"11/05/2014","Great+products+and+services+at+Sam%27s+Club+to+prepare+yourself+for+the+upcoming+cold+and+flu+season%21+%23cbias+%23SimplyHealthy+%23shop"
1415626895000,"11/10/2014","I+didn%27t+get+gazelle+intensity......but+after+an+epiphany+of+sorts+over+the+weekend%2C+it+all+suddenly+makes+perfect+sense."
1415714915000,"11/11/2014","I+wanted+to+know+how+much+I+really+spent+on+FOOD......the+answer+surprised+me%21"
1415979236000,"11/14/2014","I%27m+sharing+my+story+over+at+the+Couple+Money+Podcast%21"
1416266551000,"11/17/2014","Each+purchase+goes+through+the+same+rigorous+test......how+about+you%3F"
1416409925000,"11/19/2014","I%27m+thankful+for+all+the+support+I+received+while+training+for+the+Twin+Cities+Marathon...and+I+plan+to+tap+into+that+again+for+my+next+one%21++What+are+you+thankful+for+this+November%3F++%23Thankful4Savings+%23ad"
1416426148000,"11/19/2014","The+Holidays+are+a+time+of+family+get+togethers.+Spice+it+up+a+little+with+Tabasco+Sauce%21++%23SeasonedGreetings+%23ad+%23CollectiveBias"
1416833811000,"11/24/2014","Do+a+little+digging+and+you%27ll+find+that+a+simple+definition+of+your+credit+score+is+hard+to+find.++I%27ve+got+one+for+you%2C+and+you+may+not+like+it."
1417022491000,"11/26/2014","Anyone+Else+feel+this+way%3F%3F+LOL."
1417101466000,"11/27/2014","A+very+timely+post+from+%23TeamEOD+writer+Steve....don%27t+let+the+banks+sell+you+DEBT+this+week%21"
1417442538000,"12/01/2014","Are+red+lights+staying+red+longer.....or+are+our+expectations+just+different%3F"
1417703261000,"12/04/2014","If+you+live+in+a+cold+region%2C+you+NEED+to+read+these%21"
1418043951000,"12/08/2014","Who+else+LOVES+lists%3F"
1418657851000,"12/15/2014","When+was+the+last+time+you+REALLY+investigated+what+health+care+coverage+was+best+for+you%3F"
1419028258000,"12/19/2014","Still+looking+for+a+present+for+that+little+super+hero+of+the+house%3F++Check+out+these+great+prices+on+Planes+merchandise+at+Walmart%21++%23PlanesToTheRescue+%23Ad+%23cbias"
1419194993000,"12/21/2014","New+McCafe+coffee+pods+demo+at+Walmart%21+Who+wants+some%3F++%23McCafeMyWay+%23Ad+%23Cbias"
1419257861000,"12/22/2014","Three+easy+steps...that%27s+all+it+takes."
1419281298000,"12/22/2014","I+slipped+a+new+kind+of+coffee+to+my+wife+this+morning...and+she+liked+it%21++New+McCafe+Coffee+blends+at+Walmart%21++%23McCafeMyWay+%23Ad"
1419860909000,"12/29/2014","Do+you+want+to+be+phenomenal%3F++Do+you+even+know+what+it+looks+like%3F"
1420486595000,"01/05/2015","Getting+what+you+want+out+of+a+hotel+stay+is+usually+just++a+question+away...."
1420575636000,"01/06/2015","Yup%2C+it%27s+2015.++We%27ve+all+failed+at+our+New+Year%27s+resolutions+before%2C+how+do+you+make+them+stick+THIS+year%3F"
1421076937000,"01/12/2015","You+cannot+just+keep+doing+the+same+thing+over+and+over+and+expect+things+to+get+better%21"
1421263931000,"01/14/2015","As+a+fellow+blogger+once+said%2C+%22You+can+afford+anything%2C+but+not+everything.%22"
1421677923000,"01/19/2015","My+contribution+to+the+%23DebtIsNotForever+campaign.++Will+you+publicly+take+a+stand+against+debt%3F"
1421775418000,"01/20/2015","I+need+fuel+for+my+morning+runs+and+BelVita+Bites+mini+breakfast+biscuits+and+V8+Veggie+Blend+vegetable+drink+are+up+to+the+challenge+-+AND+I+can+save+money+using+Target%27s+cartwheel+App%21++%23NewBreakfastRoutine+%23Ad+%23Cbias+V8+Fruit+%26+Vegetable+Juice+belVita"
1422277178000,"01/26/2015","I+was+ready+to+buy+a+new+toilet%2C+but+with+some+effort%2C+and+a+little+luck%2C+I+was+able+to+save+myself+hundreds%21"
1422908126000,"02/02/2015","The+language+you+use+to+describe+your+goal+can+have+a+huge+impact+on+your+state+of+mind%2C+and+your+actions.+Don%27t+believe+me%3F++Check+out+this+post..."
1423057068000,"02/04/2015","I+know+some+people+that+are+very+successful+Travel+hackers......but+it%27s+not+for+everyone.+%23TeamEOD+writer+tells+us+why%21"
1423489603000,"02/09/2015","Who+has+two+thumbs+and+LOVES+easy+ways+to+save+money%3F++%3E%3E%3ETHIS+GUY%3C%3C%3C"
1423512828000,"02/09/2015","Looking+for+some+ideas+for+%23LowPriceMeals+%3F++Walmart+has+you+covered+with+some+Rollback+prices+going+on+right+now%21++%23Ad+%23Cbias"
1424091246000,"02/16/2015","When+visiting+the+doctor%2C+sometimes+you+just+have+to+keep+your+mouth+shut%21"
1424749283000,"02/23/2015","You+need+to+read+this+post+before+you+trade+in+your+cell+phone....."
1425080714000,"02/27/2015","Looking+to+use+your+tax+refund+for+a+low+cost%2C+high+quality+cell+phone+carrier%3F++Walmart+Family+Mobile+has+you+covered%21+%23Ad+%23MaxYourTax+%23Cbias%EF%BB%BF"
1425302398000,"03/02/2015","Have+you+thought+about+switching+from+your+traditional+PPO+to+a+high+deductible+PPO+with+a+Health+Savings+Account%3F++Here%27s+how+it%27s+been+working+out+for+me+so+far+in+2015."
1425403419000,"03/03/2015","Why+is+this+so+complicated%3F%3F%3F++So+the+carriers+can+make+more+money%2C+of+course%21"
1425562758000,"03/05/2015","My+son+asked+me+how+much+he+would+earn+when+he+gets+his+first+job%2C+so+I+did+some+research+on+minimum+wage...."
1425659954000,"03/06/2015","%23TeamEOD+writer+Dr.+Cabler+has+some+sage+advice+to+get+your+wealth+rocketing%21"
1425787382000,"03/07/2015","What%27s+YOUR+biggest+asset%3F"
1425860332000,"03/08/2015","Need+to+cut+your+budget+a+little%3F++Here%27s+some+ideas+to+help+you+make+that+happen%21"
1425865785000,"03/08/2015","I+suck+at+this.....how+do+you+do%3F"
1425904955000,"03/09/2015","I+treat+my+Saturday+long+run+a+lot+like+I+treat+my+finances+-+find+your+pace%2C+and+just+KEEP+GOING%21"
1425999281000,"03/10/2015","A+little+financial+humor+for+you+this+morning....."
1426169620000,"03/12/2015","A+guest+post+today+from+a+friend+and+fellow+blogger.++Check+it+out%21"
1426594058000,"03/17/2015","My+son+has+his+license%2C+and+now+a+job.++Time+for+him+to+learn+more+about+managing+his+finances.....do+you+remember+when+you+got+your+first+debit+card%3F"
1426693634000,"03/18/2015","Who+wants+to+save+more+money+on+food%3F++Yeah%2C+me+too%21"
1426803435000,"03/19/2015","I+think+we%27ve+finally+got+this+bulk+buying+thing+figured+out%21"
1427111517000,"03/23/2015","An+article+linked+to+by+a+body+building+friend+of+mine+gave+me+an+idea+that+just+might+help+us+stay+on+budget+more+consistently%21"
1427141131000,"03/23/2015","Buy+Three+Cans+Get+One+Free.....Great+deal+from+RO*TEL+and+Walmart%21++%23JustAddRotel+%23CollectiveBias+%23Ad"
1427308613000,"03/25/2015","I+agree+with+this+statement+from+the+post%3A++%22If+you+dislike+your+job+so+much+that+you+want+to+%E2%80%9Cretire%E2%80%9D+within+five+or+ten+years%2C+you+need+to+find+a+more+enjoyable+career.%22%0A%0AWhat+do+you+think+of+early+retirement%3F"
1427722576000,"03/30/2015","It+started+out+as+a+joke......then+it+really+happened.++Listening+to+the+process+was+fascinating."
1427739841000,"03/30/2015","Start+your+Monday+off+with+a+coupon+for+%240.75+off+your+favorite+Campbell%27s+Soup+at+Walmart%21+%23WeekNightHero+%23Ad"
1427912040000,"04/01/2015","Can+you+say+%22No%22+to+a+free+SNICKERS%C2%AE+bar%3F++Didn%27t+think+so....%0A%23WhenImHungry+%23CollectiveBias+%23Ad"
1428339171000,"04/06/2015","Some+days+it%27s+harder+than+others...."
1428592334000,"04/09/2015","Don%27t+have+your+taxes+done+yet%3F++Here%27s+some+tips+to+help+get+you+going%21++%23BeatTheDeadline"
1428933156000,"04/13/2015","The+choice+is+YOURS%21"
1429095982000,"04/15/2015","How+many+of+these+excuses+have+you+used%3F"
1429230168000,"04/16/2015","Money+myths+are+everywhere....some+may+not+be+true+for+everyone%2C+some+may+just+be+complete+BS."
1429534899000,"04/20/2015","How+has+paying+off+our+credit+card+debt+changed+our+lives%3F++Well%2C+I+can+buy+rope+gasket...."
1430135421000,"04/27/2015","April+is+Financial+Literacy+Month.....are+you+being+REAL+about+your+finances%3F%3F"
1430222863000,"04/28/2015","I%27m+still+new+to+this+whole+HSA+thing......but+the+more+I+learn%2C+the+more+I+like%21"
1430747410000,"05/04/2015","Have+you+ever+used+this+lie+to+justify+going+out+to+eat%3F++What+others+have+you+used%3F"
1430826286000,"05/05/2015","Talking+about+money+can+be+hard%2C+and+uncomfortable....great+tips+on+how+to+get+it+done%21"
1430938172000,"05/06/2015","Mother%27s+Day+is+coming+up%2C+how+will+you+share+your+memories+with+your+Mom%3F+%23Ad+%23MobileMemories"
1431002530000,"05/07/2015","What+does+it+look+like+to+you%3F"
1431353107000,"05/11/2015","Know+what+makes+you+happy%2C+and+don%27t+look+back%21"
1431454933000,"05/12/2015","Everybody+falls+down....the+question+is%2C+who+gets+back+up%3F"
1431640688000,"05/14/2015","I%27m+sharing+my+story+today+over+at+BSimple%21"
1431957701000,"05/18/2015","Are+you+choosing+the+right+role+models....and+for+the+right+reason%3F"
1432212252000,"05/21/2015","Anyone+else+want+to+save+some+cash+each+month%3F"
1432565131000,"05/25/2015","We+are+driven+by+all+kinds+in+making+our+choices+in+life....not+all+of+them+push+us+in+the+right+direction%21"
1432650023000,"05/26/2015","I+want+my+son+to+understand+a+little+about+the+world+of+investing+before+he+hits+real+life...."
1432924692000,"05/29/2015","If+my+Teenager+can+do+it.....so+can+you%21"
1433177710000,"06/01/2015","We+fell+off+the+financial+wagon+for+a+bit....but+we%27re+climbing+back+on%21"
1433256910000,"06/02/2015","Spending+quality+time+with+your+favorite+person+doesn%27t+have+to+break+the+bank%21++Which+one+is+your+favorite%3F"
1433342616000,"06/03/2015","Great+tips+which+free+up+time+and+energy+to+concentrate+on.....YOUR+BUDGET%21++Love+this%21"
1433783497000,"06/08/2015","When+my+lawn+mower+broke%2C+I+almost+talked+myself+into+buying+a+new+one.....almost."
1433944640000,"06/10/2015","Great+tool+with+a+lot+of+potential+to+save+you+money%21++It+does+the+comparison+shopping+for+you+for+common+household+expenses+such+as+car+insurance%2C+mortgages+and+more+-+check+it+out%21"
1434377345000,"06/15/2015","My+wife+described+me+as+a+%22beast+walking+up+the+driveway%22+after+my+run+on+Saturday.....she+didn%27t+know+the+half+of+it....."
1434986066000,"06/22/2015","When+was+the+last+time+this+happened+to+you%3F"
1435007045000,"06/22/2015","I+LOVE+these+new+single+serving+meals+from+Stouffer%E2%80%99s.++Packed+with+protein+and+flavor%2C+and+ready+to+go+in+under+10+minutes+-+they+keep+me+going+all+afternoon%21++%23Ad+%23PowerfulProtein++%23ProteinUp"
1435065669000,"06/23/2015","Are+you+as+organized+as+you+should+be%3F"
1435165583000,"06/24/2015","Do+you+have+something+of+value+from+your+childhood+tucked+away+in+a+box+in+a+closet%3F%3F%3F"
1435575821000,"06/29/2015","We%27ve+all+heard+of+the+%22Pay+Yourself+First%22+concept.++What+happens+if+you+don%27t%3F++My+son+found+out....."
1435746421000,"07/01/2015","Which+category+do+you+fall+into%3F"
1436183689000,"07/06/2015","A+hot+tub+for+your+bratwurst%3F++Oh+yeah......be+the+king+of+backyard+BBQ+with+this+little+trick....."
1436797795000,"07/13/2015","Planned+and+purposeful+purchases....say+that+fast+10+times.++Being+in+control+feels+great%21"
1437396580000,"07/20/2015","I%27m+excited+about+being+back+on+the+cash+only+spending+plan...it+WORKS%21++why+did+we+stop+again%3F++Because+we+got+LAZY."
1438004193000,"07/27/2015","Do+you+have+something+squeaking%2C+clicking+or+making+an+odd+noise+in+your+home+right+now%3F++Is+it+under+warranty%3F++Do+you+even+know%3F%3F"
1438599850000,"08/03/2015","An+honest+answer+of+my+favorite+part+of+not+having+a+huge+debt+management+program+payment+each+month."
1438687019000,"08/04/2015","A+prepaid+debit+card+that+acts+like+a+debit+card%3F++Pretty+cool...check+it+out%21"
1438773897000,"08/05/2015","Having+a+Pet+can+be+expensive...make+sure+you+have+all+the+expenses+accounted+for+in+your+budget%21"
1439212100000,"08/10/2015","You++can+tell+a+lot+about+a+person+by+the+contents+of+their+refrigerator...what+does+yours+tell+about+YOU%3F"
1439477443000,"08/13/2015","A+question+we+should+ALL+be+asking....."
1439830897000,"08/17/2015","if+you+talked+to+yourself+20+years+from+now....what+would+they+say%3F++Older%2Fwiser+me+called+bullshit."
1440431549000,"08/24/2015","The+new+school+year+is+upon+us%21++Is+your+budget+ready%3F%3F%3F"
1441028522000,"08/31/2015","My+wife+wanted+to+go+out+for+breakfast+over+the+weekend.++Spend+our+hard+earned+cash+on+a+restaurant+when+I+can+make+it+better+at+home%3F++NO.+THANKS."
1441201835000,"09/02/2015","Now+THAT%27S+getting+your+money%27s+worth%21"
1441298219000,"09/03/2015","My+HSA+has+worked+out+GREAT+this+year.++Now...what+do+I+do+with+those+extra+funds%3F"
1441647539000,"09/07/2015","These+methods+work+for+other+items++besides+neon+green+compression+tights+too."
1442245402000,"09/14/2015","Apparently+I+have+no+shame...."
1442419390000,"09/16/2015","Are+You+Like+Batman%2C+or+Jabba+the+Hutt%3F+%40JohnHancockUSA++%23LIAM15"
1442845988000,"09/21/2015","I+LOVE+A+great+steak....I+love+it+even+more+when+it%27s+on+sale%2C+and+I+make+it+at+home%21"
1443445531000,"09/28/2015","I+don%E2%80%99t+mean+to+dwell+on+this+subject%2C+but+eating+out+is+just+such+a+colossal+waste+of+money......."
1444220337000,"10/07/2015","We%27re+not+talking+about+driving+your+car+into+a+lake..."
1444310643000,"10/08/2015","Paying+to+put+my+car+between+two+white+lines%3F++Nope%2C+don%27t+like+it."
1444330800000,"10/08/2015","Everyone+should+be+broke+once......just+to+learn+these+lessons."
1444664285000,"10/12/2015","If+you+use+money+from+your+savings....PAY+IT+BACK."
1445004749000,"10/16/2015","This+is+the+first+year+my+son%27s+had+a+job.....will+it+affect+my+tax+return%3F++Will+he+have+to+file%3F++it%27s+not+too+early+to+start+thinking+about+it..."
1445265881000,"10/19/2015","A+saleswoman+at+a+mall+kiosk+pulled+out+every+trick+in+the+book+to+get+me+to+buy+her+product.......has+this+ever+happened+to+you%3F"
1445866200000,"10/26/2015","There%27s+a+lot+of+moving+parts+to+make+marriage+and+finances+work+together+smoothly......"
1446488325000,"11/02/2015","Two+questions+will+tell+if+you%27ve+fallen+victim+to+the+monthly+payment+trap.....have+you%3F"
1447078689000,"11/09/2015","Narrow+your+focus%2C+and+be+successful%21"
1447684439000,"11/16/2015","A+situation+with+my+daughter+over+the+weekend+reinforced+my+belief+that+CASH.+IS.+KING."
1448027922000,"11/20/2015","Check+out+My+favorite+posts+of+the+week%21"
1448037262000,"11/20/2015","Wanting+to+retire+early+is+all+the+rage......not+this+guy.+%0A%0Ahttp%3A%2F%2Fmoneyning.com%2Fretirement%2Fthree-reasons-i-dont-want-to-retire-early%2F"
1448284284000,"11/23/2015","I+enrolled+in+a+high+deductible+PPO+with+an+HSA+for+the+first+time+in+2015.++The+year+is+almost+over....how+did+it+work+out+for+me%3F"
1448726378000,"11/28/2015","I+got+a+good+chuckle+out+of+an+email+from+my+bank.....they+want+me+to+use+a+line+of+credit+for+those+unexpected+things+life+throws+at+me."
1448891967000,"11/30/2015","Never%2C+EVER+throw+away+your+Kohls+Cash%21"
1449263053000,"12/04/2015","Looking+for+reading+material+this+weekend%3F++I%27ve+got+you+covered...."
1449499410000,"12/07/2015","Have+you+been+afraid+to+reconcile+your+checking+account+or+look+at+your+credit+card+balances%3F"
1449847300000,"12/11/2015","Time+to+fist+pump%2C+EOD+nation%21"
1450097847000,"12/14/2015","Join+me+in+congratulating+our+friend+Steve+Stewart+in+paying+off+his+mortgage%21%21%21%21"
1450201800000,"12/15/2015","Stacking+discounts+is+a+wonderful+thing...."
1450273055000,"12/16/2015","What%27s+the+best+way+to+apply+your+money%3F"
1450460898000,"12/18/2015","Get+your+fists+in+the+air.......it%27s+FRIDAY%21"
1450708100000,"12/21/2015","Who+has+two+thumbs+and+got+promoted%3F++%3E%3E%3EThis+guy%21%3C%3C%3C%3C++Time+for+a+budget+review....."
1451062774000,"12/25/2015","Fist+pump+for+Christmas...AND+my+favorite+posts+of+the+week%21"
1451355601000,"12/28/2015","Some+people+spend+more+time+and+energy+getting+ready+for+a+winter+storm+than+they+do+retirement....."
1451919194000,"01/04/2016","I+was+really+concerned+about+the+story+my+daughter+told+me+when+she+returned+from+a+shopping+trip+to+the+mall+with+her+friend.......but+I+think+everything+is+going+to+be+OK."
1452171603000,"01/07/2016","If+you+get+paid+bi-weekly%2C+January+may+be+one+of+those+months+were+you+get+an+extra+paycheck.....what+will+YOU+do+with+it%3F"
1452270862000,"01/08/2016","If+you+live+in+the+MidWest%2C+it%27s+gonna+be+COLD+this+weekend....good+thing+I%27ve+got+some+reading+material+for+you%21"
1452522635000,"01/11/2016","Do+you+expect+to+spend+all+your+money%3F++Time+to+change+your+perspective....."
1452874664000,"01/15/2016","Get+your+fists+in+the+air+to+help+me+celebrate+my+fist+paycheck+reflecting+my+promotion%2C+my+favorite+posts+of+the+week%2C+AND+a+link+to+my+new+BBQ+site%21"
1453136169000,"01/18/2016","People+from+vastly+different+careers+following+a+similar+path+to+success%3F+Seems+like+something+we+should+pay+attention+to%21"
1453401037000,"01/21/2016","You+know+you%27ve+had+the+same+thought....but+have+you+tried+it%3F++I+did...."
1453479467000,"01/22/2016","If+you+live+on+the+East+Coast+you+could+use+something+to+read+in+between+shoveling+sessions...right%3F"
1453742219000,"01/25/2016","This+is+being+handled+surprisingly+poorly......."
1454081015000,"01/29/2016","Time+for+your+weekend+reading+material%21%21%21%21"
1454345648000,"02/01/2016","I+STILL+cannot+believe+she+said+it....."
1454429071000,"02/02/2016","Two+successful+blogger+friends+combine+forces+to+create+a+podcast%3F++Oh%2C+this+is+guaranteed+to+be+awesome...."
1454588526000,"02/04/2016","If+you+like+podcasts%2C+you+need+to+check+this+out.....podcasts+for+everyone%21%21"
1454683772000,"02/05/2016","My+favorite+posts+of+the+week%21"
1454946286000,"02/08/2016","Get+the+most+for+your+money+for+Valentine%27s+Day.....what+do+you+have+planned%3F++Are+you+getting+the+most+value+possible+from+your+gifts%3F"
1455287540000,"02/12/2016","The+NFL+season+is+over...so+I+KNOW+you%27re+looking+for+something+to+read+this+weekend...."
1455565085000,"02/15/2016","When+you+don%27t+have+debt%2C+doors+open%21"
1455897137000,"02/19/2016","I%27m+writing+a+big+check+today....but+no+worries+since+cash+flow+isn%27t+a+problem.++OH%2C+and+my+favorite+posts+of+the+week%21"
1456154032000,"02/22/2016","Official+MLB+Jersey+for+%2421.++Guess+where+I+found+it%3F"
1456583427000,"02/27/2016","I+Love+Friday+Fist+Pumping%21++Get+your+fists+in+the+air+for+my+favorite+posts%21"
1456754808000,"02/29/2016","With+careful+planning%2C+my+daughter%27s+braces+will+barely+be+a+blip+on+the+budget+radar%21"
1457104636000,"03/04/2016","Awesome+post+by+a+friend+of+mine+that+KNOWS+what+she%27s+talking+about%21++You+want+to+get+out+of+debt+and+be+financially+free%3F++Read+this.++Immediately."
1457370596000,"03/07/2016","It+can+cost+A+LOT+to+change+an+airline+ticket......but+is+it+negotiable%3F++Maybe......"
1457703350000,"03/11/2016","Helping+to+keep+you+financially+focused+for+the+weekend%21"
1457954840000,"03/14/2016","Does+a+popular+project+management+technique+apply+to+personal+finance%3F"
1458313245000,"03/18/2016","It%27s+the+freakin%27+weekend......get+your+PF+reading+list+on%21"
1458566247000,"03/21/2016","How+poorly+this+is+being+handled+still+amazes+me...."
1458913129000,"03/25/2016","Fist+pump+with+me%2C+EOD+nation...it%27s+FRIDAY%21"
1459169527000,"03/28/2016","Looking+for+a+way+to+accelerate+your+debt+re-payment%2C+OR+just+to+get+more+breathing+room+in+your+budget%3F++Check+out+this+book...."
1459507127000,"04/01/2016","I+may+be+on+vacation%2C+but+that+won%27t+stop+me+from+giving+you+my+favorite+posts+of+the+week%21"
1459778266000,"04/04/2016","Eat+at+restaurants+while+on+vacation%3F++Not+if+we+can+help+it....."
1460168832000,"04/08/2016","It%27s+the+weekend%2C+EOD+Nation%2C+get+those+fists+pumping%21"
1460421295000,"04/11/2016","I+knew+we+saved+money+by+driving+to+Florida+instead+of+flying....but+I+didn%27t+realize+it+was+THAT+much%21"
1461010360000,"04/18/2016","My+son+wanted+a+new+cell+phone.....I+thought+of+it+as+a+great+opportunity+to+teach+a+lesson+in+personal+finance."
1461358630000,"04/22/2016","Enjoy+a+great%2C+spring-like+weekend...but+don%27t+forget+your+money+motivation%21"
1461598194000,"04/25/2016","Weeding+out+those+monthly+expenses+that+don%E2%80%99t+add+any+enjoyment+or+use+to+our+life+will+free+up+funds+for+activities+that+do%21"
1461932835000,"04/29/2016","Finally+Friday%21"
1462230333000,"05/02/2016","I+had+no+idea+how+much+I+could+save%21"
1462545205000,"05/06/2016","Get+your+weekend+reading+right+now%21"
1462831046000,"05/09/2016","If+you%27re+traveling+by+air%2C+and+hate+to+pay+to+check+your+luggage%2C+you+will+LOVE+this+tip%21"
1463147882000,"05/13/2016","Fists+in+the+air...it%27s+FRIDAY%21"
1463405454000,"05/16/2016","We+were+ready+to+shell+out+HUGE+to+replace+our+carpet....in+a+last+ditch+effort+to+save+our+carpet+we+hired+a+professional+cleaner.++Was+it+worth+it%3F"
1463751682000,"05/20/2016","Friday+reading%21"
1464051583000,"05/23/2016","It%27s+TOO+Easy%21++Can+You+Add+To+The+List%3F"
1464361648000,"05/27/2016","Reading+for+your+Holiday+Weekend%21"
1464636578000,"05/30/2016","http%3A%2F%2Fwww.enemyofdebt.com%2Fwhat-body-piercing-can-teach-a-teenager-about-finances-value-and-life%2F"
1464965803000,"06/03/2016","Get+your+fists+up%21"
1465351387000,"06/07/2016","When+was+the+last+time+you+purged+your+home+of+unwanted+stuff%3F"
1465572002000,"06/10/2016","Kids+out+of+school+for+the+summer.....fist+pump+for+that+AND+the+best+posts+of+the+week%21"
1465851226000,"06/13/2016","All+is+not+as+it+appears....."
1466174595000,"06/17/2016","I+know+you%27re+looking+for+financial+inspiration+this+weekend......here+you+go%21"
1466467990000,"06/20/2016","Having+a+captive+audience+allows+cities+to+jack+up+prices+during+weekends+when+major+running+events+are+held.++But.....you+can+always+find+ways+to+save+money%21"
1466775585000,"06/24/2016","Time+to+get+going+on+those+summer+projects...but+first%2C+my+favorite+posts+of+the+week%21"
1467039169000,"06/27/2016","My+wife+and+I+had+a+great+time+creating+a+meal+together+at+home....and+of+course%2C+we+saved+money+in+the+process."
1467120317000,"06/28/2016","Great+coupon+for+IAMS+dogfood+at+Target%21++%23IamsDogGiftCardOffer+%23cbias+%23ad+Target+IAMS"
1467379231000,"07/01/2016","Happy+4th+Of+July+Weekend%21"
1467634250000,"07/04/2016","What+advantage+does+a+credit+limit+increase+have%3F++The+answer+may+surprise+you...."
1467993041000,"07/08/2016","Ready+for+the+weekend%3F"
1468249961000,"07/11/2016","Please+tell+me+this+is+finally+over.++What+a+mess."
1468601261000,"07/15/2016","Back+on+the+Cash+Only+Bandwagon...and+my+favorite+posts+of+the+week%21"
1468854376000,"07/18/2016","We+switched+back+to+cash+only+spending%2C+and+it+immediately+changed+how+we+managed+our+money%21"
1469202046000,"07/22/2016","I+can%27t+fist+pump+for+the+coming+school+year.....but+there%27s+always+my+favorite+posts+of+the+week%21"
1469460886000,"07/25/2016","Great+coupon+for+IAMS+dogfood+%2B+gift+card+at+Target%21+%23IamsDogDeal+%23cbias+%23ad+Target+IAMS"
1469476056000,"07/25/2016","Stay+on+budget+and+get+the+most+for+your+money....every+time%21"
1470064985000,"08/01/2016","Location+is+everything.....or+is+it%3F"
1470398672000,"08/05/2016","Like+clockwork%2C+here%27s+your+weekend+reading%21"
1470657846000,"08/08/2016","Why+does+my+new+debit+card+have+a+computer+chip+on+it%3F"
1470659801000,"08/08/2016","Great+coupon+for+IAMS+dogfood+%2B+gift+card+at+Target%21+%23IamsDogOffer+%23cbias+%23ad+Target+IAMS"
1470765448000,"08/09/2016","Great+review+of+some+FREE+money+management+tools%21"
1471020938000,"08/12/2016","it+might+be+the+beginning+of+the+NFL+pre-season....but+you+still+need+your+dose+of+weekend+reading%21"
1471266571000,"08/15/2016","My+son+and+I+are+men+on+the+go.++We+need+delicious+and+inexpensive+meals+fuel+our+workouts.++Ready+To+Serve+Minute+Rice+gives+us+endless+possibilities+to+keep+us+going%21++%23Ad+%23ReadySetServe"
1471357853000,"08/16/2016","Great+deal+on+Chef+Boyardee+at+Walmart%21+%23Ad+%23SaveOnChef"
1471447183000,"08/17/2016","It%27s+ridiculously+easy....."
1471613842000,"08/19/2016","Ready+for+the+weekend%3F++Not+before+you+read+these%21"
1471613842000,"08/19/2016","Ready+for+the+weekend%3F++Not+before+you+read+these%21"
1471885703000,"08/22/2016","First%2C+YUK.%0ASecond%2C+these+steps+can+apply+to+any+situation%21"
1471958040000,"08/23/2016","Great+deal+on+Chef+Boyardee+at+Walmart%21+%23Ad+%23SaveOnChef"
1472229500000,"08/26/2016","Homecoming+dresses+are+expensive.......but+I+just+keep+on+fistpumping."
1472466123000,"08/29/2016","My+son+paid+for+a+year%27s+subscription+to+Amazon+Prime.++What+will+he+get+for+his+%2499%2C+and+will+it+be+worth+it%3F"
1472823100000,"09/02/2016","New+school+year%2C+new+weekend+motivation%21"
1473092797000,"09/05/2016","You+might+find+a+sale+or+two+like+this+over+the+holiday+weekend%21"
1473428740000,"09/09/2016","THE+best+PF+posts+of+the+week%21"
1473713039000,"09/12/2016","The+iPhone+7+was+announced+last+week.++Will+one+be+finding+it%27s+way+into+my+pocket%3F++Detailed+analysis+inside%21"
1473955584000,"09/15/2016","Great+Roll+Back+Price+on+Snapple%C2%AE+Tea+through+November%21++%23SnappleRollback+%23CollectiveBias+%23Ad"
1474036310000,"09/16/2016","We+got+our+first+free+hotel+stay+through+a+hotel+reward+program.....oh%2C+AND+my+favorite+posts+of+the+week%21"
1474300131000,"09/19/2016","Having+trouble+getting+an+emergency+fund+going%3F++If+you%27ve+got+a+change+jar%2C+you+can+make+it+happen%21"
1474643304000,"09/23/2016","Get+your+fists+up%21"
1474911637000,"09/26/2016","If+I%27m+going+to+eat+at+a+restaurant%2C+I%27m+going+to+find+every+way+possible+to+save+on+the+bill...."
1475248894000,"09/30/2016","Anyone+out+there+know+how+much+a+person+normally+spends+on+Senior+pictures%3F++Oh...and+some+motivation+too%21"
1475510355000,"10/03/2016","The+more+I+find+out+about+Amazon+Prime%2C+the+more+I+like+it...."
1475855750000,"10/07/2016","Favorite+posts+of+the+week%21"
1476119708000,"10/10/2016","Bed%2C+Bath%2C+And+Beyond+may+be+getting+rid+of+their+well+known+coupons.++What+would+take+their+place%3F++Would+it+be+worth+it%3F"
1476453178000,"10/14/2016","It%27s+Friday...time+to+get+those+fists+in+the+air%21++Last+night+was+computer+upgrade+night....but+it+barely+cost+me+a+cent%21"
1476721643000,"10/17/2016","Have+you+selected+your+coverage+for+2017+yet%3F++Did+you+do+plan%2Fprice+comparisons+to+make+sure+you+selected+the+best+choice+for+your+family%3F"
1477070024000,"10/21/2016","Are+you+enjoying+the+calm+before+the+holiday+spending+storm%3F++I+am.....and+that+deserves+a+Fist+Pump%21"
1477323264000,"10/24/2016","Salon%27s+can+be+EXPENSIVE.....but+there%27s+a+place+you+can+go+to+have+services+done+at+a+fraction+of+the+cost%21"
1477667056000,"10/28/2016","Time+for+your+weekly+financial+motivation%21"
1477921467000,"10/31/2016","Dare+to+dream%21%21%21"
1478267225000,"11/04/2016","Get+those+fists+up+for+50%25+off+candy%21++Oh%2C+and+my+favorite+posts+of+the+week....."
1478529807000,"11/07/2016","Do+you+live+by+the+%22every+3000+miles%22+rule%3F"
1478874116000,"11/11/2016","It%27s+Friday....you+know+what+that+means%21"
1479153693000,"11/14/2016","With+just+a+little+effort%2C+and+very+little+money...."
1479481829000,"11/18/2016","Next+week+is+Thanksgiving.....how+are+you+keeping+your+T-Day+meal+costs+down%21++Plus%2C+my+favorite+posts+of+the+week%21"
1479754124000,"11/21/2016","I+tried+to+make+it+look+like+I+was+only+half+paying+attention%2C+but+my+wife+gave+me+a+golden+idea+for+a+Christmas+present+this+year%21"
1480092144000,"11/25/2016","Black+Friday%3F++Fist+pump+for+sleeping+in......"
1480350411000,"11/28/2016","%22The+Costco+Effect%22+can+save+you+money%2C+even+if+you%27re+not+a+member%21"
1480689162000,"12/02/2016","The+%22Christmas+Kick-off%22+edition%21"
1480962683000,"12/05/2016","Who+Doesn%27t+Love+Free+Subway%3F"
1481298804000,"12/09/2016","Friday+Motivation%21"
1481563408000,"12/12/2016","I+found+a+discrepancy+between+what+my+insurance+company+said+they+paid%2C+and+what+my+orthodontist+was+paid."
